Matriz de achados?,a. Questões de Auditoria,b. Subquestões de Auditoria,c. Descrição sumária,d. Critério (O que deveria ser),e. Condição ou situação encontrada (O que é) [achados],f. Evidências,g. Informação extraída das evidências,h. Causas,i. Efeitos,j. Boas Práticas,k. Recomendações,l. Benefícios esperados,m. Manifestação,n. Conclusões,Matriz de achados?,a. Questões de Auditoria,b. Subquestões de Auditoria,c. Descrição sumária,d. Critério (O que deveria ser),e. Condição ou situação encontrada (O que é) [achados],f. Evidências,g. Informação extraída das evidências,h. Causas,i. Efeitos,j. Boas Práticas,k. Recomendações,l. Benefícios esperados,m. Manifestação,n. Conclusões
0,1,0,1,1,0,1,0,0,0,0,1,0,0,1,0,1,0,1,1,0,1,0,0,0,0,1,0,0,1
0,0,0,1,1,1,1,0,0,0,0,1,0,0,1,0,0,0,1,1,1,1,0,0,0,0,1,0,0,1
0,0,0,1,1,1,1,0,1,0,0,1,0,0,1,0,0,0,1,1,1,1,0,1,0,0,1,0,0,1
0,0,0,1,0,1,1,0,0,0,0,1,1,1,1,0,0,0,1,0,1,1,0,0,0,0,1,1,1,1
0,0,0,1,1,1,1,1,0,1,0,1,0,1,1,0,0,0,1,1,1,1,1,0,1,0,1,0,1,1
0,1,0,1,1,1,1,0,1,0,0,1,1,0,1,0,1,0,1,1,1,1,0,1,0,0,1,1,0,1
0,1,0,1,1,1,1,0,0,1,0,1,0,0,1,0,1,0,1,1,1,1,0,0,1,0,1,0,0,1
0,0,0,1,1,1,0,0,1,0,0,1,0,0,0,0,0,0,1,1,1,0,0,1,0,0,1,0,0,0
0,1,0,1,1,1,1,0,1,0,0,0,0,0,1,0,1,0,1,1,1,1,0,1,0,0,0,0,0,1
0,0,0,1,1,0,1,0,0,0,0,1,0,0,1,0,0,0,1,1,0,1,0,0,0,0,1,0,0,1
0,1,0,1,1,1,1,0,1,1,1,1,1,0,1,0,1,0,1,1,1,1,0,1,1,1,1,1,0,1
0,1,0,1,1,1,1,0,1,1,0,1,1,0,1,0,1,0,1,1,1,1,0,1,1,0,1,1,0,1
0,1,0,1,1,1,1,1,1,1,0,1,1,0,1,0,1,0,1,1,1,1,1,1,1,0,1,1,0,1
0,0,0,1,1,1,1,0,1,0,0,1,1,1,1,0,0,0,1,1,1,1,0,1,0,0,1,1,1,1
0,1,0,1,1,1,1,0,1,1,0,1,1,0,1,0,1,0,1,1,1,1,0,1,1,0,1,1,0,1
0,0,0,1,1,1,1,0,0,1,0,1,1,0,1,0,0,0,1,1,1,1,0,0,1,0,1,1,0,1
0,0,0,1,1,1,1,0,1,1,0,1,1,0,1,0,0,0,1,1,1,1,0,1,1,0,1,1,0,1
0,0,0,1,1,1,1,0,1,1,1,0,1,0,1,0,0,0,1,1,1,1,0,1,1,1,0,1,0,1
0,1,0,1,1,1,1,0,1,1,0,1,1,0,1,0,1,0,1,1,1,1,0,1,1,0,1,1,0,1
0,0,0,1,1,1,1,0,1,1,0,1,1,0,1,0,0,0,1,1,1,1,0,1,1,0,1,1,0,1
0,1,0,1,1,1,1,0,1,1,1,1,1,0,1,0,1,0,1,1,1,1,0,1,1,1,1,1,0,1
0,1,0,1,0,1,1,0,1,1,0,1,1,0,1,0,1,0,1,0,1,1,0,1,1,0,1,1,0,1
0,0,0,1,1,1,1,0,1,1,0,1,1,0,1,0,0,0,1,1,1,1,0,1,1,0,1,1,0,1
0,1,0,1,1,1,1,0,0,1,0,1,0,0,1,0,1,0,1,1,1,1,0,0,1,0,1,0,0,1
0,1,1,1,1,1,1,0,0,1,1,1,0,0,1,0,1,1,1,1,1,1,0,0,1,1,1,0,0,1
0,1,1,1,1,1,1,0,1,0,1,1,1,0,1,0,1,1,1,1,1,1,0,1,0,1,1,1,0,1
0,1,0,1,1,1,1,0,0,0,0,1,0,0,1,0,1,0,1,1,1,1,0,0,0,0,1,0,0,1
0,0,1,1,1,0,1,0,0,0,0,1,1,0,1,0,0,1,1,1,0,1,0,0,0,0,1,1,0,1
0,1,0,1,1,1,1,0,1,1,1,1,1,0,1,0,1,0,1,1,1,1,0,1,1,1,1,1,0,1
0,0,0,1,1,1,1,0,1,1,0,1,0,0,1,0,0,0,1,1,1,1,0,1,1,0,1,0,0,1
0,1,0,1,1,1,1,0,1,0,0,0,0,0,1,0,1,0,1,1,1,1,0,1,0,0,0,0,0,1
0,0,0,1,1,1,1,0,1,1,0,1,0,0,1,0,0,0,1,1,1,1,0,1,1,0,1,0,0,1
0,1,0,1,0,1,1,0,1,1,0,1,1,0,1,0,1,0,1,0,1,1,0,1,1,0,1,1,0,1
0,0,0,1,1,1,1,0,1,1,0,1,1,0,1,0,0,0,1,1,1,1,0,1,1,0,1,1,0,1
0,1,0,1,1,1,1,0,0,1,0,1,0,0,1,0,1,0,1,1,1,1,0,0,1,0,1,0,0,1
0,1,0,1,1,1,1,0,0,0,1,1,1,0,1,0,1,0,1,1,1,1,0,0,0,1,1,1,0,1
0,0,0,1,1,0,1,0,0,0,1,1,0,0,1,0,0,0,1,1,0,1,0,0,0,1,1,0,0,1
0,1,0,1,1,1,1,0,0,1,0,0,0,0,1,0,1,0,1,1,1,1,0,0,1,0,0,0,0,1
0,0,0,1,0,1,1,0,1,1,0,1,0,1,1,0,0,0,1,0,1,1,0,1,1,0,1,0,1,1
0,1,0,1,1,0,1,0,0,1,1,1,0,0,1,0,1,0,1,1,0,1,0,0,1,1,1,0,0,1
0,1,0,1,1,1,1,1,0,0,0,1,0,0,1,0,1,0,1,1,1,1,1,0,0,0,1,0,0,1
0,1,1,1,1,1,1,0,1,0,0,1,0,1,0,0,1,1,1,1,1,1,0,1,0,0,1,0,1,0
0,0,0,1,1,1,1,0,0,0,0,1,1,0,1,0,0,0,1,1,1,1,0,0,0,0,1,1,0,1
0,1,0,1,1,0,1,0,0,0,0,1,0,0,1,0,1,0,1,1,0,1,0,0,0,0,1,0,0,1
0,1,0,1,0,1,1,0,1,0,0,1,0,0,1,0,1,0,1,0,1,1,0,1,0,0,1,0,0,1
0,0,0,1,1,1,1,0,0,0,0,1,0,0,1,0,0,0,1,1,1,1,0,0,0,0,1,0,0,1
0,0,0,1,1,1,1,0,1,0,0,1,0,0,1,0,0,0,1,1,1,1,0,1,0,0,1,0,0,1
0,1,0,1,1,1,1,0,1,0,0,1,1,1,1,0,1,0,1,1,1,1,0,1,0,0,1,1,1,1
0,1,0,1,1,1,1,0,1,1,0,1,0,1,1,0,1,0,1,1,1,1,0,1,1,0,1,0,1,1
0,1,0,1,1,1,1,0,1,1,0,1,1,1,1,0,1,0,1,1,1,1,0,1,1,0,1,1,1,1
0,0,0,1,1,1,1,0,1,1,1,1,1,0,1,0,0,0,1,1,1,1,0,1,1,1,1,1,0,1
0,1,1,1,1,1,1,0,1,0,0,1,0,0,1,0,1,1,1,1,1,1,0,1,0,0,1,0,0,1
0,1,1,1,0,1,1,0,1,1,1,1,1,0,1,0,1,1,1,0,1,1,0,1,1,1,1,1,0,1
0,0,0,1,1,1,1,0,0,1,0,1,0,1,1,0,0,0,1,1,1,1,0,0,1,0,1,0,1,1
0,0,0,1,1,1,1,0,1,1,1,1,1,1,1,0,0,0,1,1,1,1,0,1,1,1,1,1,1,1
0,1,0,1,1,1,0,0,0,1,0,1,0,0,1,0,1,0,1,1,1,0,0,0,1,0,1,0,0,1
0,0,0,1,1,1,1,0,1,1,1,1,0,0,1,0,0,0,1,1,1,1,0,1,1,1,1,0,0,1
0,0,0,1,1,1,1,0,1,0,1,1,0,0,1,0,0,0,1,1,1,1,0,1,0,1,1,0,0,1
0,1,0,1,1,0,1,0,1,1,0,1,0,0,1,0,1,0,1,1,0,1,0,1,1,0,1,0,0,1
0,1,0,1,1,1,1,1,1,1,0,1,1,0,1,0,1,0,1,1,1,1,1,1,1,0,1,1,0,1
0,1,0,1,1,1,1,0,1,1,1,1,1,0,1,0,1,0,1,1,1,1,0,1,1,1,1,1,0,1
0,1,0,1,1,1,1,0,1,1,1,1,0,0,1,0,1,0,1,1,1,1,0,1,1,1,1,0,0,1
0,0,0,1,1,1,1,0,0,1,0,1,1,0,1,0,0,0,1,1,1,1,0,0,1,0,1,1,0,1
0,1,0,1,1,1,1,0,1,0,0,1,0,0,1,0,1,0,1,1,1,1,0,1,0,0,1,0,0,1
0,1,0,1,1,1,1,0,0,1,0,1,0,0,1,0,1,0,1,1,1,1,0,0,1,0,1,0,0,1
0,1,0,1,1,1,1,0,0,1,0,1,0,0,1,0,1,0,1,1,1,1,0,0,1,0,1,0,0,1
0,1,0,1,1,0,1,0,1,1,0,1,0,0,1,0,1,0,1,1,0,1,0,1,1,0,1,0,0,1
0,1,0,1,1,1,1,0,0,0,0,1,1,0,1,0,1,0,1,1,1,1,0,0,0,0,1,1,0,1
0,0,0,1,1,1,1,0,0,1,0,1,0,0,1,0,0,0,1,1,1,1,0,0,1,0,1,0,0,1
0,1,0,1,1,1,1,0,0,0,0,1,0,0,1,0,1,0,1,1,1,1,0,0,0,0,1,0,0,1
0,1,0,1,1,1,1,0,0,0,0,1,1,0,1,0,1,0,1,1,1,1,0,0,0,0,1,1,0,1
0,1,0,1,1,1,1,0,1,0,0,1,0,0,1,0,1,0,1,1,1,1,0,1,0,0,1,0,0,1
0,0,0,1,1,1,1,0,0,1,0,1,0,1,1,0,0,0,1,1,1,1,0,0,1,0,1,0,1,1
0,1,0,1,1,1,1,0,1,1,0,1,0,0,1,0,1,0,1,1,1,1,0,1,1,0,1,0,0,1
0,1,0,1,1,0,1,0,1,1,0,1,0,0,1,0,1,0,1,1,0,1,0,1,1,0,1,0,0,1
0,1,0,1,1,0,1,1,1,1,0,1,1,0,1,0,1,0,1,1,0,1,1,1,1,0,1,1,0,1
0,1,0,1,1,1,1,0,1,0,0,1,1,0,1,0,1,0,1,1,1,1,0,1,0,0,1,1,0,1
0,1,0,1,1,1,1,0,1,0,0,1,0,0,1,0,1,0,1,1,1,1,0,1,0,0,1,0,0,1
0,1,0,1,1,0,1,0,0,1,0,1,0,0,1,0,1,0,1,1,0,1,0,0,1,0,1,0,0,1
0,1,0,1,1,1,1,0,1,0,1,1,1,0,1,0,1,0,1,1,1,1,0,1,0,1,1,1,0,1
0,1,0,1,1,1,1,0,0,0,0,1,1,0,1,0,1,0,1,1,1,1,0,0,0,0,1,1,0,1
0,1,1,1,1,0,1,0,1,0,0,1,0,1,0,0,1,1,1,1,0,1,0,1,0,0,1,0,1,0
0,1,0,1,1,1,1,0,1,0,0,1,0,0,1,0,1,0,1,1,1,1,0,1,0,0,1,0,0,1
0,0,0,1,1,1,1,0,0,0,0,1,1,0,1,0,0,0,1,1,1,1,0,0,0,0,1,1,0,1
0,0,0,1,1,1,1,0,1,1,1,1,1,1,1,0,0,0,1,1,1,1,0,1,1,1,1,1,1,1
0,0,0,1,1,1,1,1,0,0,0,0,0,0,1,0,0,0,1,1,1,1,1,0,0,0,0,0,0,1
0,1,0,1,1,1,1,0,1,1,1,1,1,0,1,0,1,0,1,1,1,1,0,1,1,1,1,1,0,1
0,1,0,1,0,1,1,0,0,1,0,1,1,1,1,0,1,0,1,0,1,1,0,0,1,0,1,1,1,1
0,1,0,1,0,1,1,0,1,0,0,1,0,1,1,0,1,0,1,0,1,1,0,1,0,0,1,0,1,1
0,1,0,1,0,1,1,0,0,1,0,0,0,0,1,0,1,0,1,0,1,1,0,0,1,0,0,0,0,1
0,0,0,1,1,1,1,0,1,1,0,1,0,1,0,0,0,0,1,1,1,1,0,1,1,0,1,0,1,0
0,0,0,1,1,1,1,0,0,0,0,1,0,0,1,0,0,0,1,1,1,1,0,0,0,0,1,0,0,1
0,1,0,1,1,1,1,0,1,1,0,1,0,0,1,0,1,0,1,1,1,1,0,1,1,0,1,0,0,1
0,0,0,1,1,1,1,0,1,0,0,1,0,0,1,0,0,0,1,1,1,1,0,1,0,0,1,0,0,1
0,0,0,1,1,1,1,0,0,0,0,1,0,0,1,0,0,0,1,1,1,1,0,0,0,0,1,0,0,1
0,1,0,1,1,1,1,0,0,0,0,1,0,0,1,0,1,0,1,1,1,1,0,0,0,0,1,0,0,1
0,1,0,1,1,1,1,1,1,1,0,0,0,0,0,0,1,0,1,1,1,1,1,1,1,0,0,0,0,0
0,0,0,1,1,0,1,0,0,0,0,1,0,0,1,0,0,0,1,1,0,1,0,0,0,0,1,0,0,1
0,0,0,1,0,1,1,0,0,0,0,0,0,0,1,0,0,0,1,0,1,1,0,0,0,0,0,0,0,1
0,1,0,1,1,1,1,0,1,1,0,1,0,0,1,0,1,0,1,1,1,1,0,1,1,0,1,0,0,1
0,1,0,1,1,1,1,0,1,0,1,1,0,0,1,0,1,0,1,1,1,1,0,1,0,1,1,0,0,1
0,0,0,1,1,1,1,0,1,0,0,1,1,0,1,0,0,0,1,1,1,1,0,1,0,0,1,1,0,1
0,0,0,1,1,1,1,0,1,0,0,0,1,0,1,0,0,0,1,1,1,1,0,1,0,0,0,1,0,1
0,0,0,1,1,1,1,0,1,0,0,1,1,0,1,0,0,0,1,1,1,1,0,1,0,0,1,1,0,1
0,0,0,1,1,1,1,0,1,0,0,1,1,0,1,0,0,0,1,1,1,1,0,1,0,0,1,1,0,1
0,0,0,1,1,1,1,0,0,0,0,0,1,0,1,0,0,0,1,1,1,1,0,0,0,0,0,1,0,1
0,0,0,1,1,0,1,0,1,0,0,0,1,0,1,0,0,0,1,1,0,1,0,1,0,0,0,1,0,1
0,0,0,1,1,1,1,0,0,0,0,0,1,0,1,0,0,0,1,1,1,1,0,0,0,0,0,1,0,1
0,0,0,1,1,0,1,0,0,0,0,0,1,0,1,0,0,0,1,1,0,1,0,0,0,0,0,1,0,1
0,0,0,1,1,0,1,0,0,0,0,0,1,0,1,0,0,0,1,1,0,1,0,0,0,0,0,1,0,1
0,0,0,1,1,1,1,0,1,0,0,0,1,0,1,0,0,0,1,1,1,1,0,1,0,0,0,1,0,1
0,0,0,1,1,1,1,0,1,0,0,1,1,0,1,0,0,0,1,1,1,1,0,1,0,0,1,1,0,1
0,0,0,1,1,1,1,0,1,0,0,0,1,1,1,0,0,0,1,1,1,1,0,1,0,0,0,1,1,1
0,0,0,1,1,1,1,0,1,0,0,0,1,0,1,0,0,0,1,1,1,1,0,1,0,0,0,1,0,1
0,0,0,1,1,1,1,0,0,0,0,0,1,0,1,0,0,0,1,1,1,1,0,0,0,0,0,1,0,1
0,0,0,1,1,1,1,0,0,0,0,0,1,0,1,0,0,0,1,1,1,1,0,0,0,0,0,1,0,1
0,0,0,1,1,0,1,0,0,0,0,0,1,0,1,0,0,0,1,1,0,1,0,0,0,0,0,1,0,1
0,0,0,1,1,0,1,0,0,0,0,0,1,0,1,0,0,0,1,1,0,1,0,0,0,0,0,1,0,1
0,0,0,1,1,0,1,0,0,0,0,0,1,0,1,0,0,0,1,1,0,1,0,0,0,0,0,1,0,1
0,0,0,1,1,1,1,0,1,0,0,0,1,0,1,0,0,0,1,1,1,1,0,1,0,0,0,1,0,1
0,0,0,1,1,1,1,0,1,0,0,0,1,0,1,0,0,0,1,1,1,1,0,1,0,0,0,1,0,1
0,0,0,1,1,1,1,0,1,0,0,0,1,1,1,0,0,0,1,1,1,1,0,1,0,0,0,1,1,1
0,0,0,1,1,1,1,0,1,0,0,0,1,0,1,0,0,0,1,1,1,1,0,1,0,0,0,1,0,1
0,0,0,1,1,1,1,0,1,0,0,0,1,0,1,0,0,0,1,1,1,1,0,1,0,0,0,1,0,1
0,0,0,1,1,1,1,0,0,1,0,0,1,0,1,0,0,0,1,1,1,1,0,0,1,0,0,1,0,1
0,0,0,1,1,1,1,0,1,0,0,0,1,0,1,0,0,0,1,1,1,1,0,1,0,0,0,1,0,1
0,0,0,1,1,1,1,0,1,0,0,0,1,0,1,0,0,0,1,1,1,1,0,1,0,0,0,1,0,1
0,0,0,1,1,1,1,0,1,0,0,1,1,0,1,0,0,0,1,1,1,1,0,1,0,0,1,1,0,1
0,0,0,1,1,1,1,0,1,0,0,0,1,0,1,0,0,0,1,1,1,1,0,1,0,0,0,1,0,1
0,0,0,1,1,1,1,0,1,1,0,0,1,0,1,0,0,0,1,1,1,1,0,1,1,0,0,1,0,1
0,0,0,1,1,0,1,0,1,0,0,0,1,0,1,0,0,0,1,1,0,1,0,1,0,0,0,1,0,1
0,0,0,1,1,0,1,0,0,0,0,0,1,0,1,0,0,0,1,1,0,1,0,0,0,0,0,1,0,1
0,1,0,1,1,1,1,0,1,0,0,0,1,0,1,0,1,0,1,1,1,1,0,1,0,0,0,1,0,1
0,0,0,1,1,1,1,0,1,0,0,0,1,0,1,0,0,0,1,1,1,1,0,1,0,0,0,1,0,1
0,0,0,1,1,1,1,0,0,0,1,0,1,0,1,0,0,0,1,1,1,1,0,0,0,1,0,1,0,1
0,0,0,1,1,1,1,0,1,0,0,0,1,0,1,0,0,0,1,1,1,1,0,1,0,0,0,1,0,1
0,0,0,1,1,0,1,0,1,0,0,0,1,0,1,0,0,0,1,1,0,1,0,1,0,0,0,1,0,1
0,1,0,1,1,0,1,0,0,1,0,0,1,0,1,0,1,0,1,1,0,1,0,0,1,0,0,1,0,1
0,0,0,1,1,1,1,0,1,1,0,0,1,0,1,0,0,0,1,1,1,1,0,1,1,0,0,1,0,1
0,1,0,1,1,0,1,0,1,0,0,0,1,0,1,0,1,0,1,1,0,1,0,1,0,0,0,1,0,1
0,0,0,1,1,1,1,0,1,1,0,0,1,0,1,0,0,0,1,1,1,1,0,1,1,0,0,1,0,1
0,0,0,1,1,1,1,0,0,0,0,0,1,0,1,0,0,0,1,1,1,1,0,0,0,0,0,1,0,1
0,0,0,1,1,1,1,0,0,0,0,0,1,0,1,0,0,0,1,1,1,1,0,0,0,0,0,1,0,1
0,0,0,1,1,0,1,0,1,1,0,0,1,0,1,0,0,0,1,1,0,1,0,1,1,0,0,1,0,1
0,0,0,1,1,1,1,0,0,0,0,0,1,0,1,0,0,0,1,1,1,1,0,0,0,0,0,1,0,1
0,0,0,1,1,1,1,0,1,0,0,0,1,0,1,0,0,0,1,1,1,1,0,1,0,0,0,1,0,1
0,0,0,1,1,1,1,0,0,1,0,0,1,0,1,0,0,0,1,1,1,1,0,0,1,0,0,1,0,1
0,0,0,1,1,1,1,0,1,1,0,1,1,0,1,0,0,0,1,1,1,1,0,1,1,0,1,1,0,1
0,0,0,1,1,1,1,0,1,0,0,0,1,0,1,0,0,0,1,1,1,1,0,1,0,0,0,1,0,1
0,0,0,1,1,1,1,0,0,0,0,0,1,0,1,0,0,0,1,1,1,1,0,0,0,0,0,1,0,1
0,0,0,1,1,1,1,0,0,0,0,0,1,0,1,0,0,0,1,1,1,1,0,0,0,0,0,1,0,1
0,0,0,1,1,0,1,0,0,0,0,0,1,0,1,0,0,0,1,1,0,1,0,0,0,0,0,1,0,1
0,0,0,1,1,1,1,0,0,0,0,0,1,0,1,0,0,0,1,1,1,1,0,0,0,0,0,1,0,1
0,0,0,1,1,1,1,0,0,0,0,0,1,0,1,0,0,0,1,1,1,1,0,0,0,0,0,1,0,1
0,0,0,1,1,1,1,0,0,0,0,1,1,0,1,0,0,0,1,1,1,1,0,0,0,0,1,1,0,1
0,0,0,1,1,1,1,0,1,0,0,0,1,0,1,0,0,0,1,1,1,1,0,1,0,0,0,1,0,1
0,0,0,1,1,0,1,0,0,0,0,0,1,0,1,0,0,0,1,1,0,1,0,0,0,0,0,1,0,1
0,0,0,1,1,1,1,0,0,0,0,0,1,0,1,0,0,0,1,1,1,1,0,0,0,0,0,1,0,1
0,0,0,1,1,1,1,0,0,0,0,0,1,0,1,0,0,0,1,1,1,1,0,0,0,0,0,1,0,1
0,0,0,1,1,1,1,0,1,0,0,0,1,0,1,0,0,0,1,1,1,1,0,1,0,0,0,1,0,1
0,0,0,1,1,1,1,0,0,0,0,0,1,0,1,0,0,0,1,1,1,1,0,0,0,0,0,1,0,1
0,0,0,1,1,1,1,0,0,0,0,0,1,0,1,0,0,0,1,1,1,1,0,0,0,0,0,1,0,1
0,0,0,1,1,1,1,0,1,0,0,0,1,1,1,0,0,0,1,1,1,1,0,1,0,0,0,1,1,1
0,0,0,1,1,1,1,0,0,1,0,0,1,0,1,0,0,0,1,1,1,1,0,0,1,0,0,1,0,1
0,0,0,1,1,1,1,0,0,1,0,0,1,0,1,0,0,0,1,1,1,1,0,0,1,0,0,1,0,1
0,0,0,1,1,1,1,0,0,0,0,0,1,0,1,0,0,0,1,1,1,1,0,0,0,0,0,1,0,1
0,0,0,1,1,1,1,0,0,0,0,0,1,0,1,0,0,0,1,1,1,1,0,0,0,0,0,1,0,1
0,0,0,1,1,1,1,0,0,0,0,0,1,0,1,0,0,0,1,1,1,1,0,0,0,0,0,1,0,1
0,1,0,1,1,1,1,0,1,1,0,0,0,0,1,0,1,0,1,1,1,1,0,1,1,0,0,0,0,1
0,1,0,1,1,1,1,0,0,1,0,1,0,0,1,0,1,0,1,1,1,1,0,0,1,0,1,0,0,1
0,0,0,1,0,0,1,0,0,0,0,0,0,0,1,0,0,0,1,0,0,1,0,0,0,0,0,0,0,1
0,0,0,1,1,1,1,0,1,1,1,1,1,0,1,0,0,0,1,1,1,1,0,1,1,1,1,1,0,1
0,1,0,1,1,1,1,0,1,1,0,0,0,1,1,0,1,0,1,1,1,1,0,1,1,0,0,0,1,1
0,0,0,1,1,1,1,0,1,0,1,1,0,0,1,0,0,0,1,1,1,1,0,1,0,1,1,0,0,1
0,1,0,1,1,1,1,1,0,0,0,0,0,1,1,0,1,0,1,1,1,1,1,0,0,0,0,0,1,1
0,1,0,1,1,1,1,1,1,1,0,0,0,1,1,0,1,0,1,1,1,1,1,1,1,0,0,0,1,1
0,1,0,1,1,1,1,0,1,1,0,1,0,0,1,0,1,0,1,1,1,1,0,1,1,0,1,0,0,1
0,1,0,1,1,1,1,0,1,1,1,1,0,1,1,0,1,0,1,1,1,1,0,1,1,1,1,0,1,1
0,1,0,1,0,1,1,0,1,0,0,1,1,0,1,0,1,0,1,0,1,1,0,1,0,0,1,1,0,1
0,0,0,1,0,0,1,0,0,0,0,1,0,0,1,0,0,0,1,0,0,1,0,0,0,0,1,0,0,1
0,0,0,1,1,1,1,1,1,0,1,1,1,0,1,0,0,0,1,1,1,1,1,1,0,1,1,1,0,1
0,1,1,1,1,1,1,0,1,1,0,1,1,1,1,0,1,1,1,1,1,1,0,1,1,0,1,1,1,1
0,0,0,1,1,1,1,0,1,1,0,1,0,0,1,0,0,0,1,1,1,1,0,1,1,0,1,0,0,1
0,0,0,1,1,0,1,0,0,1,0,0,0,0,1,0,0,0,1,1,0,1,0,0,1,0,0,0,0,1
0,1,0,1,1,1,1,0,1,1,0,1,1,1,1,0,1,0,1,1,1,1,0,1,1,0,1,1,1,1
0,1,0,1,1,1,1,0,1,1,0,1,0,1,1,0,1,0,1,1,1,1,0,1,1,0,1,0,1,1
0,1,0,1,0,1,1,1,1,1,0,1,1,0,1,0,1,0,1,0,1,1,1,1,1,0,1,1,0,1
0,1,0,1,1,1,1,0,0,0,0,1,1,0,1,0,1,0,1,1,1,1,0,0,0,0,1,1,0,1
0,1,0,1,1,1,1,0,1,1,0,1,1,0,1,0,1,0,1,1,1,1,0,1,1,0,1,1,0,1
0,0,0,1,0,1,1,0,0,0,0,1,1,0,1,0,0,0,1,0,1,1,0,0,0,0,1,1,0,1
0,0,0,1,1,1,1,0,0,0,0,1,0,0,1,0,0,0,1,1,1,1,0,0,0,0,1,0,0,1
0,0,0,1,0,1,1,0,0,1,0,0,0,0,1,0,0,0,1,0,1,1,0,0,1,0,0,0,0,1
0,0,0,1,1,1,1,0,1,0,0,1,0,1,1,0,0,0,1,1,1,1,0,1,0,0,1,0,1,1
0,0,0,1,1,1,1,0,0,1,0,1,0,0,1,0,0,0,1,1,1,1,0,0,1,0,1,0,0,1
0,1,0,1,0,0,1,0,0,1,0,1,0,0,1,0,1,0,1,0,0,1,0,0,1,0,1,0,0,1
0,1,0,1,1,1,1,0,1,1,0,1,0,0,1,0,1,0,1,1,1,1,0,1,1,0,1,0,0,1
0,0,0,1,1,1,1,0,1,0,0,1,1,0,1,0,0,0,1,1,1,1,0,1,0,0,1,1,0,1
0,1,0,1,1,1,1,0,0,1,0,1,0,1,1,0,1,0,1,1,1,1,0,0,1,0,1,0,1,1
0,0,0,1,0,1,1,0,1,0,0,1,0,0,1,0,0,0,1,0,1,1,0,1,0,0,1,0,0,1
0,1,0,1,1,1,1,0,1,0,0,1,0,1,1,0,1,0,1,1,1,1,0,1,0,0,1,0,1,1
0,0,0,1,1,1,1,0,0,0,0,1,0,0,1,0,0,0,1,1,1,1,0,0,0,0,1,0,0,1
0,0,0,1,0,1,1,0,0,0,0,0,0,0,1,0,0,0,1,0,1,1,0,0,0,0,0,0,0,1
0,1,0,1,1,1,1,0,1,1,0,1,0,0,1,0,1,0,1,1,1,1,0,1,1,0,1,0,0,1
0,0,0,1,1,1,1,0,0,0,0,1,0,0,1,0,0,0,1,1,1,1,0,0,0,0,1,0,0,1
0,0,0,1,1,0,1,0,0,0,0,0,0,0,1,0,0,0,1,1,0,1,0,0,0,0,0,0,0,1
0,1,0,1,1,1,1,0,1,1,0,0,0,0,1,0,1,0,1,1,1,1,0,1,1,0,0,0,0,1
0,1,0,1,1,1,1,0,0,0,0,1,0,0,1,0,1,0,1,1,1,1,0,0,0,0,1,0,0,1
0,1,0,1,1,1,1,0,0,1,0,1,0,0,1,0,1,0,1,1,1,1,0,0,1,0,1,0,0,1
0,0,0,1,1,0,1,0,0,0,0,1,0,0,1,0,0,0,1,1,0,1,0,0,0,0,1,0,0,1
0,0,0,1,1,1,1,0,0,1,1,1,1,0,1,0,0,0,1,1,1,1,0,0,1,1,1,1,0,1
0,1,0,1,1,1,1,0,1,1,1,1,1,1,1,0,1,0,1,1,1,1,0,1,1,1,1,1,1,1
0,1,0,1,1,1,1,0,1,1,1,1,0,0,1,0,1,0,1,1,1,1,0,1,1,1,1,0,0,1
0,1,1,1,1,1,1,0,1,0,0,1,0,0,1,0,1,1,1,1,1,1,0,1,0,0,1,0,0,1
0,1,0,1,1,1,1,0,0,1,0,1,1,1,0,0,1,0,1,1,1,1,0,0,1,0,1,1,1,0
0,0,0,1,1,1,1,0,1,1,0,1,0,0,1,0,0,0,1,1,1,1,0,1,1,0,1,0,0,1
0,0,0,1,1,1,1,0,1,1,0,1,0,0,1,0,0,0,1,1,1,1,0,1,1,0,1,0,0,1
0,1,0,1,1,1,1,1,1,0,0,1,1,1,1,0,1,0,1,1,1,1,1,1,0,0,1,1,1,1
0,1,0,1,1,1,1,0,1,1,0,1,1,1,1,0,1,0,1,1,1,1,0,1,1,0,1,1,1,1
0,1,0,1,1,1,1,0,1,1,1,1,1,0,1,0,1,0,1,1,1,1,0,1,1,1,1,1,0,1
0,1,0,1,1,0,1,0,1,0,0,1,0,0,1,0,1,0,1,1,0,1,0,1,0,0,1,0,0,1
0,0,0,1,1,1,1,0,1,0,0,1,0,0,1,0,0,0,1,1,1,1,0,1,0,0,1,0,0,1
0,1,0,1,1,1,1,0,1,0,0,1,0,0,1,0,1,0,1,1,1,1,0,1,0,0,1,0,0,1
0,1,0,1,0,0,1,0,0,1,0,1,1,0,1,0,1,0,1,0,0,1,0,0,1,0,1,1,0,1
0,0,0,1,1,1,1,0,1,1,0,1,1,0,1,0,0,0,1,1,1,1,0,1,1,0,1,1,0,1
0,0,0,1,0,1,1,0,1,1,0,1,0,0,1,0,0,0,1,0,1,1,0,1,1,0,1,0,0,1
0,0,0,1,1,1,1,0,0,0,0,1,0,0,1,0,0,0,1,1,1,1,0,0,0,0,1,0,0,1
0,0,0,1,0,1,1,0,0,0,0,1,0,0,1,0,0,0,1,0,1,1,0,0,0,0,1,0,0,1
0,0,0,1,0,0,1,0,0,0,0,1,0,1,1,0,0,0,1,0,0,1,0,0,0,0,1,0,1,1
0,0,0,1,0,0,1,0,0,0,0,0,0,0,1,0,0,0,1,0,0,1,0,0,0,0,0,0,0,1
0,1,0,1,0,1,1,1,1,1,0,1,0,0,1,0,1,0,1,0,1,1,1,1,1,0,1,0,0,1
0,1,1,1,1,1,1,0,1,1,1,1,1,1,1,0,1,1,1,1,1,1,0,1,1,1,1,1,1,1
0,1,0,1,1,1,1,0,0,0,0,1,0,0,1,0,1,0,1,1,1,1,0,0,0,0,1,0,0,1
0,1,0,1,0,1,1,0,1,0,0,1,0,0,1,0,1,0,1,0,1,1,0,1,0,0,1,0,0,1
0,1,0,1,1,1,1,0,0,1,0,1,1,0,1,0,1,0,1,1,1,1,0,0,1,0,1,1,0,1
0,0,0,1,1,1,1,0,1,1,1,1,1,1,1,0,0,0,1,1,1,1,0,1,1,1,1,1,1,1
0,1,1,1,1,1,1,0,1,1,1,1,0,0,1,0,1,1,1,1,1,1,0,1,1,1,1,0,0,1
0,0,0,1,1,1,1,0,1,1,0,1,1,1,1,0,0,0,1,1,1,1,0,1,1,0,1,1,1,1
0,0,0,1,1,1,1,0,1,0,0,1,1,0,1,0,0,0,1,1,1,1,0,1,0,0,1,1,0,1
0,1,1,1,1,1,1,0,1,0,0,1,0,0,1,0,1,1,1,1,1,1,0,1,0,0,1,0,0,1
0,0,0,1,1,1,1,0,1,0,1,1,1,1,1,0,0,0,1,1,1,1,0,1,0,1,1,1,1,1
0,0,0,1,0,0,1,0,0,0,0,0,0,0,1,0,0,0,1,0,0,1,0,0,0,0,0,0,0,1
0,1,0,1,1,1,1,1,1,1,0,1,0,0,1,0,1,0,1,1,1,1,1,1,1,0,1,0,0,1
0,0,0,1,1,0,1,0,0,0,0,1,0,0,1,0,0,0,1,1,0,1,0,0,0,0,1,0,0,1
0,0,0,1,1,0,1,0,1,0,0,0,0,0,1,0,0,0,1,1,0,1,0,1,0,0,0,0,0,1
0,0,0,1,0,0,1,0,0,1,0,1,1,0,1,0,0,0,1,0,0,1,0,0,1,0,1,1,0,1
0,0,0,1,0,1,1,0,0,0,0,1,0,0,1,0,0,0,1,0,1,1,0,0,0,0,1,0,0,1
0,1,0,1,1,1,1,1,1,1,0,1,0,0,1,0,1,0,1,1,1,1,1,1,1,0,1,0,0,1
0,0,0,1,1,1,1,0,0,0,0,1,0,0,0,0,0,0,1,1,1,1,0,0,0,0,1,0,0,0
0,1,0,1,1,1,1,0,1,0,0,1,0,0,1,0,1,0,1,1,1,1,0,1,0,0,1,0,0,1
0,1,0,1,1,1,1,0,0,0,0,1,1,0,1,0,1,0,1,1,1,1,0,0,0,0,1,1,0,1
0,1,0,1,1,1,1,0,0,0,0,1,1,0,1,0,1,0,1,1,1,1,0,0,0,0,1,1,0,1
0,0,0,1,1,1,1,0,0,0,0,0,0,1,1,0,0,0,1,1,1,1,0,0,0,0,0,0,1,1
0,0,0,1,1,0,1,0,1,0,0,1,1,1,1,0,0,0,1,1,0,1,0,1,0,0,1,1,1,1
0,1,0,1,1,1,1,0,1,0,0,1,1,0,1,0,1,0,1,1,1,1,0,1,0,0,1,1,0,1
0,1,0,1,1,1,1,0,1,1,1,1,1,1,1,0,1,0,1,1,1,1,0,1,1,1,1,1,1,1
0,1,0,1,1,1,1,0,1,1,0,1,0,1,1,0,1,0,1,1,1,1,0,1,1,0,1,0,1,1
0,0,0,1,1,1,1,0,0,0,0,1,0,0,1,0,0,0,1,1,1,1,0,0,0,0,1,0,0,1
0,0,0,1,0,0,1,0,0,0,0,0,0,0,1,0,0,0,1,0,0,1,0,0,0,0,0,0,0,1
0,1,0,1,1,1,1,0,1,1,0,0,1,0,1,0,1,0,1,1,1,1,0,1,1,0,0,1,0,1
0,1,0,1,0,1,1,0,1,1,0,0,0,0,1,0,1,0,1,0,1,1,0,1,1,0,0,0,0,1
0,1,0,1,1,1,1,0,1,1,1,1,1,0,1,0,1,0,1,1,1,1,0,1,1,1,1,1,0,1
0,1,0,1,1,1,1,0,0,0,1,1,1,0,1,0,1,0,1,1,1,1,0,0,0,1,1,1,0,1
0,1,0,1,1,1,1,0,0,1,0,1,1,0,1,0,1,0,1,1,1,1,0,0,1,0,1,1,0,1
0,1,1,1,1,1,1,0,0,0,0,1,0,0,1,0,1,1,1,1,1,1,0,0,0,0,1,0,0,1
0,1,0,1,0,0,1,0,0,0,0,1,0,0,1,0,1,0,1,0,0,1,0,0,0,0,1,0,0,1
0,1,0,1,0,1,1,0,1,1,0,1,0,1,1,0,1,0,1,0,1,1,0,1,1,0,1,0,1,1
0,1,1,1,1,1,1,0,1,1,1,1,1,0,1,0,1,1,1,1,1,1,0,1,1,1,1,1,0,1
0,1,0,1,1,1,1,0,1,1,1,1,1,0,1,0,1,0,1,1,1,1,0,1,1,1,1,1,0,1
0,0,0,1,1,1,1,0,0,0,0,1,0,0,1,0,0,0,1,1,1,1,0,0,0,0,1,0,0,1
0,1,0,1,0,1,1,0,0,0,0,1,0,1,0,0,1,0,1,0,1,1,0,0,0,0,1,0,1,0
0,1,0,1,0,1,1,0,0,0,0,1,0,0,1,0,1,0,1,0,1,1,0,0,0,0,1,0,0,1
0,1,1,1,1,1,1,0,1,0,0,1,0,0,1,0,1,1,1,1,1,1,0,1,0,0,1,0,0,1
0,1,0,1,1,1,1,0,1,0,0,0,0,0,1,0,1,0,1,1,1,1,0,1,0,0,0,0,0,1
0,1,0,1,1,1,1,0,1,0,0,0,0,0,1,0,1,0,1,1,1,1,0,1,0,0,0,0,0,1
0,1,0,1,1,1,1,0,0,0,0,1,0,0,1,0,1,0,1,1,1,1,0,0,0,0,1,0,0,1
0,0,0,0,0,0,0,0,0,0,0,0,0,0,0,0,0,0,0,0,0,0,0,0,0,0,0,0,0,0
0,1,1,1,1,1,1,0,1,1,0,1,1,0,1,0,1,1,1,1,1,1,0,1,1,0,1,1,0,1
0,1,1,1,1,1,1,0,1,1,0,1,0,0,1,0,1,1,1,1,1,1,0,1,1,0,1,0,0,1
0,0,0,1,1,1,1,0,1,1,0,1,1,0,1,0,0,0,1,1,1,1,0,1,1,0,1,1,0,1
0,1,1,1,1,1,1,0,0,1,0,1,0,0,1,0,1,1,1,1,1,1,0,0,1,0,1,0,0,1
0,1,1,1,1,1,1,0,0,0,0,1,0,0,1,0,1,1,1,1,1,1,0,0,0,0,1,0,0,1
0,1,0,1,1,1,1,0,1,1,0,0,1,0,1,0,1,0,1,1,1,1,0,1,1,0,0,1,0,1
0,1,0,1,0,1,1,1,1,1,0,1,1,0,1,0,1,0,1,0,1,1,1,1,1,0,1,1,0,1
0,1,0,1,0,1,1,0,1,1,0,1,0,0,1,0,1,0,1,0,1,1,0,1,1,0,1,0,0,1
0,1,0,1,1,1,1,0,1,1,0,1,0,1,1,0,1,0,1,1,1,1,0,1,1,0,1,0,1,1
0,1,0,1,1,1,1,0,1,1,0,1,1,0,1,0,1,0,1,1,1,1,0,1,1,0,1,1,0,1
0,1,1,1,1,1,1,0,0,0,0,1,0,0,1,0,1,1,1,1,1,1,0,0,0,0,1,0,0,1
0,1,0,1,0,1,1,0,1,1,0,1,1,0,1,0,1,0,1,0,1,1,0,1,1,0,1,1,0,1
0,0,0,1,1,1,1,0,1,1,0,1,0,0,1,0,0,0,1,1,1,1,0,1,1,0,1,0,0,1
0,1,0,1,1,1,1,0,0,1,0,1,0,1,1,0,1,0,1,1,1,1,0,0,1,0,1,0,1,1
0,1,0,1,1,0,1,0,0,0,0,1,1,0,1,0,1,0,1,1,0,1,0,0,0,0,1,1,0,1
0,0,0,1,0,1,1,0,0,0,0,1,0,1,1,0,0,0,1,0,1,1,0,0,0,0,1,0,1,1
0,1,0,1,0,1,1,0,0,1,0,1,1,0,1,0,1,0,1,0,1,1,0,0,1,0,1,1,0,1
0,0,0,1,1,1,1,0,1,1,0,1,0,1,1,0,0,0,1,1,1,1,0,1,1,0,1,0,1,1
0,1,0,1,1,1,1,0,0,1,0,1,1,0,1,0,1,0,1,1,1,1,0,0,1,0,1,1,0,1
0,0,0,1,1,1,1,0,0,1,0,1,1,0,1,0,0,0,1,1,1,1,0,0,1,0,1,1,0,1
0,0,0,1,0,0,1,0,0,1,0,1,0,0,1,0,0,0,1,0,0,1,0,0,1,0,1,0,0,1
0,1,0,1,1,0,1,0,0,0,0,1,0,0,1,0,1,0,1,1,0,1,0,0,0,0,1,0,0,1
0,1,0,1,1,1,1,0,1,1,1,1,1,0,1,0,1,0,1,1,1,1,0,1,1,1,1,1,0,1
0,0,0,1,1,1,1,0,1,0,0,1,1,0,1,0,0,0,1,1,1,1,0,1,0,0,1,1,0,1
0,1,1,1,1,1,1,0,1,0,0,1,0,0,1,0,1,1,1,1,1,1,0,1,0,0,1,0,0,1
0,1,1,1,1,1,1,0,1,1,1,1,1,0,1,0,1,1,1,1,1,1,0,1,1,1,1,1,0,1
0,1,0,1,1,1,1,0,1,1,0,0,0,0,0,0,1,0,1,1,1,1,0,1,1,0,0,0,0,0
0,1,0,1,1,1,1,0,1,1,0,1,1,0,1,0,1,0,1,1,1,1,0,1,1,0,1,1,0,1
0,1,0,1,0,1,1,0,1,1,0,1,1,0,1,0,1,0,1,0,1,1,0,1,1,0,1,1,0,1
0,0,0,1,1,1,1,0,1,1,0,1,1,0,1,0,0,0,1,1,1,1,0,1,1,0,1,1,0,1
0,1,0,1,1,1,1,0,0,0,0,0,0,0,1,0,1,0,1,1,1,1,0,0,0,0,0,0,0,1
0,1,0,1,1,1,1,0,1,0,0,1,0,0,1,0,1,0,1,1,1,1,0,1,0,0,1,0,0,1
0,1,1,1,1,1,1,0,1,1,0,1,1,0,1,0,1,1,1,1,1,1,0,1,1,0,1,1,0,1
0,0,0,1,1,1,1,0,0,0,0,0,0,0,1,0,0,0,1,1,1,1,0,0,0,0,0,0,0,1
0,1,0,1,1,1,1,0,1,0,1,1,0,0,1,0,1,0,1,1,1,1,0,1,0,1,1,0,0,1
0,0,0,1,1,1,1,1,1,1,0,1,1,1,1,0,0,0,1,1,1,1,1,1,1,0,1,1,1,1
0,0,0,1,1,1,1,0,1,1,0,1,0,0,1,0,0,0,1,1,1,1,0,1,1,0,1,0,0,1
0,0,0,1,1,1,1,0,1,1,0,1,1,0,1,0,0,0,1,1,1,1,0,1,1,0,1,1,0,1
0,1,0,1,1,1,1,0,0,0,0,1,0,0,1,0,1,0,1,1,1,1,0,0,0,0,1,0,0,1
0,1,1,1,1,1,1,0,1,1,0,1,0,0,0,0,1,1,1,1,1,1,0,1,1,0,1,0,0,0
0,1,0,1,1,1,1,0,1,0,0,1,1,1,1,0,1,0,1,1,1,1,0,1,0,0,1,1,1,1
0,1,0,1,1,0,1,0,1,1,0,1,0,0,1,0,1,0,1,1,0,1,0,1,1,0,1,0,0,1
0,0,0,1,1,1,1,0,0,1,0,1,0,0,1,0,0,0,1,1,1,1,0,0,1,0,1,0,0,1
0,0,0,1,1,1,1,0,1,1,1,1,1,1,1,0,0,0,1,1,1,1,0,1,1,1,1,1,1,1
0,1,0,1,1,1,1,0,1,1,1,1,0,1,1,0,1,0,1,1,1,1,0,1,1,1,1,0,1,1
0,0,0,1,1,1,1,0,0,1,1,1,0,1,1,0,0,0,1,1,1,1,0,0,1,1,1,0,1,1
0,1,1,1,0,1,1,0,1,0,0,1,0,0,1,0,1,1,1,0,1,1,0,1,0,0,1,0,0,1
0,1,0,1,1,1,1,0,1,1,0,1,1,0,1,0,1,0,1,1,1,1,0,1,1,0,1,1,0,1
0,0,0,1,1,1,1,0,1,0,1,1,1,1,1,0,0,0,1,1,1,1,0,1,0,1,1,1,1,1
0,1,0,1,1,1,1,0,1,1,1,1,1,1,1,0,1,0,1,1,1,1,0,1,1,1,1,1,1,1
0,0,0,1,1,1,1,0,1,0,0,1,0,0,1,0,0,0,1,1,1,1,0,1,0,0,1,0,0,1
0,1,0,1,1,1,1,0,1,1,0,1,1,0,1,0,1,0,1,1,1,1,0,1,1,0,1,1,0,1
0,0,0,1,0,0,1,0,0,0,0,1,0,0,1,0,0,0,1,0,0,1,0,0,0,0,1,0,0,1
0,1,1,1,1,0,1,0,0,0,0,1,0,1,1,0,1,1,1,1,0,1,0,0,0,0,1,0,1,1
0,1,0,1,1,1,1,0,1,1,0,1,0,1,1,0,1,0,1,1,1,1,0,1,1,0,1,0,1,1
0,1,0,1,1,1,1,0,0,0,0,1,0,0,1,0,1,0,1,1,1,1,0,0,0,0,1,0,0,1
0,0,0,1,0,1,1,0,0,0,0,0,0,0,1,0,0,0,1,0,1,1,0,0,0,0,0,0,0,1
0,0,0,1,1,1,1,0,1,1,0,1,1,0,1,0,0,0,1,1,1,1,0,1,1,0,1,1,0,1
0,0,0,1,1,1,1,0,1,1,0,0,1,0,1,0,0,0,1,1,1,1,0,1,1,0,0,1,0,1
0,0,0,1,1,1,1,0,0,1,0,0,0,1,1,0,0,0,1,1,1,1,0,0,1,0,0,0,1,1
0,1,0,1,1,1,1,0,0,0,0,1,0,0,1,0,1,0,1,1,1,1,0,0,0,0,1,0,0,1
0,0,0,1,1,1,1,0,1,0,0,0,0,1,1,0,0,0,1,1,1,1,0,1,0,0,0,0,1,1
0,0,0,1,1,1,1,0,0,0,0,0,0,0,1,0,0,0,1,1,1,1,0,0,0,0,0,0,0,1
0,1,0,1,1,1,1,0,1,0,0,1,1,1,1,0,1,0,1,1,1,1,0,1,0,0,1,1,1,1
0,1,0,1,1,1,1,0,0,0,0,0,0,0,1,0,1,0,1,1,1,1,0,0,0,0,0,0,0,1
0,0,0,1,1,1,1,0,1,1,1,1,1,1,1,0,0,0,1,1,1,1,0,1,1,1,1,1,1,1
0,0,0,1,1,1,1,0,0,1,1,1,1,0,1,0,0,0,1,1,1,1,0,0,1,1,1,1,0,1
0,0,0,1,1,1,1,0,1,1,0,1,1,0,1,0,0,0,1,1,1,1,0,1,1,0,1,1,0,1
0,1,0,1,1,1,1,0,0,0,1,1,0,0,1,0,1,0,1,1,1,1,0,0,0,1,1,0,0,1
0,0,0,1,1,0,1,0,0,1,0,0,0,0,1,0,0,0,1,1,0,1,0,0,1,0,0,0,0,1
0,0,0,1,1,1,1,0,1,1,0,1,1,0,1,0,0,0,1,1,1,1,0,1,1,0,1,1,0,1
0,0,0,1,1,1,1,0,1,1,0,1,0,1,1,0,0,0,1,1,1,1,0,1,1,0,1,0,1,1
0,1,0,1,1,1,1,1,1,1,0,1,1,0,1,0,1,0,1,1,1,1,1,1,1,0,1,1,0,1
0,0,0,1,0,0,1,0,0,0,0,1,0,1,1,0,0,0,1,0,0,1,0,0,0,0,1,0,1,1
0,1,0,1,1,1,1,0,1,1,0,1,0,0,0,0,1,0,1,1,1,1,0,1,1,0,1,0,0,0
0,0,0,1,1,1,1,0,1,0,1,1,1,1,1,0,0,0,1,1,1,1,0,1,0,1,1,1,1,1
0,1,0,1,1,1,1,0,1,1,1,1,1,1,1,0,1,0,1,1,1,1,0,1,1,1,1,1,1,1
0,1,0,1,1,1,1,0,1,0,1,1,1,1,1,0,1,0,1,1,1,1,0,1,0,1,1,1,1,1
0,1,1,1,1,1,1,0,0,0,0,1,0,1,1,0,1,1,1,1,1,1,0,0,0,0,1,0,1,1
0,1,0,1,1,1,1,0,0,1,0,1,0,0,1,0,1,0,1,1,1,1,0,0,1,0,1,0,0,1
0,1,0,1,1,1,1,0,1,0,0,1,0,0,1,0,1,0,1,1,1,1,0,1,0,0,1,0,0,1
0,0,0,1,1,1,1,0,1,1,0,1,0,0,1,0,0,0,1,1,1,1,0,1,1,0,1,0,0,1
0,0,0,1,0,0,1,0,0,0,0,0,0,0,1,0,0,0,1,0,0,1,0,0,0,0,0,0,0,1
0,0,0,1,1,1,1,0,1,1,0,1,1,1,1,0,0,0,1,1,1,1,0,1,1,0,1,1,1,1
0,1,0,1,1,1,1,0,0,1,0,1,1,1,1,0,1,0,1,1,1,1,0,0,1,0,1,1,1,1
0,0,0,1,1,0,1,0,0,0,0,1,0,0,1,0,0,0,1,1,0,1,0,0,0,0,1,0,0,1
0,0,0,1,1,1,1,0,1,1,0,1,0,0,1,0,0,0,1,1,1,1,0,1,1,0,1,0,0,1
0,0,0,1,0,1,1,0,0,0,0,1,1,0,1,0,0,0,1,0,1,1,0,0,0,0,1,1,0,1
0,1,0,1,0,1,1,0,0,0,0,1,1,1,1,0,1,0,1,0,1,1,0,0,0,0,1,1,1,1
0,1,0,1,1,1,1,0,0,1,1,1,0,1,1,0,1,0,1,1,1,1,0,0,1,1,1,0,1,1
0,1,0,1,1,1,1,0,1,1,0,1,0,0,1,0,1,0,1,1,1,1,0,1,1,0,1,0,0,1
0,1,0,1,1,1,1,0,0,0,0,1,0,0,1,0,1,0,1,1,1,1,0,0,0,0,1,0,0,1
0,1,1,1,1,1,1,0,1,1,1,1,1,1,1,0,1,1,1,1,1,1,0,1,1,1,1,1,1,1
0,0,0,1,1,1,1,0,1,1,0,1,1,0,1,0,0,0,1,1,1,1,0,1,1,0,1,1,0,1
0,0,0,1,1,1,1,0,1,1,0,1,1,0,1,0,0,0,1,1,1,1,0,1,1,0,1,1,0,1
0,1,0,1,0,1,0,0,0,0,0,1,0,0,1,0,1,0,1,0,1,0,0,0,0,0,1,0,0,1
0,1,0,1,1,1,1,0,1,1,1,1,0,0,1,0,1,0,1,1,1,1,0,1,1,1,1,0,0,1
0,1,0,1,1,1,1,0,1,0,0,0,0,0,1,0,1,0,1,1,1,1,0,1,0,0,0,0,0,1
0,0,0,1,1,1,1,0,0,0,0,0,1,0,1,0,0,0,1,1,1,1,0,0,0,0,0,1,0,1
0,1,0,1,1,1,1,0,1,1,0,1,0,1,1,0,1,0,1,1,1,1,0,1,1,0,1,0,1,1
0,1,0,1,1,1,1,0,1,1,0,1,0,0,1,0,1,0,1,1,1,1,0,1,1,0,1,0,0,1
0,1,0,1,0,0,1,0,0,0,0,1,0,0,1,0,1,0,1,0,0,1,0,0,0,0,1,0,0,1
0,1,1,1,0,0,1,0,0,1,0,1,1,0,1,0,1,1,1,0,0,1,0,0,1,0,1,1,0,1
0,1,0,1,1,1,1,0,0,0,0,1,0,0,1,0,1,0,1,1,1,1,0,0,0,0,1,0,0,1
0,1,0,1,1,1,1,0,0,0,0,1,0,0,1,0,1,0,1,1,1,1,0,0,0,0,1,0,0,1
0,0,0,1,0,0,1,0,0,1,1,1,1,1,1,0,0,0,1,0,0,1,0,0,1,1,1,1,1,1
0,1,0,1,1,1,1,1,1,1,0,1,1,1,1,0,1,0,1,1,1,1,1,1,1,0,1,1,1,1
0,1,0,1,1,1,1,0,0,1,0,0,1,0,1,0,1,0,1,1,1,1,0,0,1,0,0,1,0,1
0,1,0,1,1,1,1,0,1,0,0,1,1,1,1,0,1,0,1,1,1,1,0,1,0,0,1,1,1,1
0,0,0,1,1,1,1,0,0,1,0,1,0,0,1,0,0,0,1,1,1,1,0,0,1,0,1,0,0,1
0,0,0,1,1,1,1,0,1,0,0,1,0,0,1,0,0,0,1,1,1,1,0,1,0,0,1,0,0,1
0,0,0,1,1,1,1,0,0,1,0,1,0,1,1,0,0,0,1,1,1,1,0,0,1,0,1,0,1,1
0,0,0,1,1,1,1,0,0,1,0,1,1,1,1,0,0,0,1,1,1,1,0,0,1,0,1,1,1,1
0,0,0,1,1,1,1,0,1,1,0,1,0,1,1,0,0,0,1,1,1,1,0,1,1,0,1,0,1,1
0,0,0,1,1,1,1,0,0,1,0,0,0,0,1,0,0,0,1,1,1,1,0,0,1,0,0,0,0,1
0,0,0,1,0,0,1,0,0,0,0,1,0,0,1,0,0,0,1,0,0,1,0,0,0,0,1,0,0,1
0,1,1,1,1,1,1,1,1,1,1,1,1,0,1,0,1,1,1,1,1,1,1,1,1,1,1,1,0,1
0,1,0,1,1,0,1,0,0,0,0,1,0,0,1,0,1,0,1,1,0,1,0,0,0,0,1,0,0,1
0,1,0,1,1,1,1,0,1,1,0,1,0,1,1,0,1,0,1,1,1,1,0,1,1,0,1,0,1,1
0,1,0,1,1,1,1,0,1,0,0,1,1,0,1,0,1,0,1,1,1,1,0,1,0,0,1,1,0,1
0,0,0,1,0,0,1,0,0,0,0,1,0,0,1,0,0,0,1,0,0,1,0,0,0,0,1,0,0,1
0,1,1,1,1,1,1,0,1,0,0,1,1,0,1,0,1,1,1,1,1,1,0,1,0,0,1,1,0,1
0,1,0,1,1,1,1,0,1,1,1,0,1,0,1,0,1,0,1,1,1,1,0,1,1,1,0,1,0,1
0,1,0,1,1,1,1,0,0,1,0,1,0,0,1,0,1,0,1,1,1,1,0,0,1,0,1,0,0,1
0,1,0,1,1,1,1,0,1,0,0,1,0,0,1,0,1,0,1,1,1,1,0,1,0,0,1,0,0,1
0,1,0,1,1,1,1,0,1,0,0,0,0,0,1,0,1,0,1,1,1,1,0,1,0,0,0,0,0,1
0,1,0,1,1,1,1,0,1,1,0,1,1,0,1,0,1,0,1,1,1,1,0,1,1,0,1,1,0,1
0,0,0,1,1,1,1,0,1,1,0,1,0,1,1,0,0,0,1,1,1,1,0,1,1,0,1,0,1,1
0,1,0,1,1,1,1,0,0,1,0,0,1,0,0,0,1,0,1,1,1,1,0,0,1,0,0,1,0,0
0,1,0,1,1,1,1,0,0,0,1,1,0,0,1,0,1,0,1,1,1,1,0,0,0,1,1,0,0,1
0,1,0,1,1,1,1,0,1,0,1,1,1,0,1,0,1,0,1,1,1,1,0,1,0,1,1,1,0,1
0,1,0,1,1,1,1,0,0,0,1,1,0,0,1,0,1,0,1,1,1,1,0,0,0,1,1,0,0,1
0,0,0,1,1,1,1,0,1,1,1,1,1,1,1,0,0,0,1,1,1,1,0,1,1,1,1,1,1,1
0,1,1,1,1,1,1,0,1,1,0,1,0,0,1,0,1,1,1,1,1,1,0,1,1,0,1,0,0,1
0,1,0,1,1,1,1,0,1,1,0,1,1,1,1,0,1,0,1,1,1,1,0,1,1,0,1,1,1,1
0,1,0,1,1,1,1,0,0,1,1,1,0,0,1,0,1,0,1,1,1,1,0,0,1,1,1,0,0,1
0,0,0,1,1,1,1,0,0,0,0,1,0,0,1,0,0,0,1,1,1,1,0,0,0,0,1,0,0,1
0,0,0,1,1,1,1,0,0,1,0,1,0,0,1,0,0,0,1,1,1,1,0,0,1,0,1,0,0,1
0,0,0,1,1,1,1,0,0,0,0,1,1,1,1,0,0,0,1,1,1,1,0,0,0,0,1,1,1,1
0,1,0,1,1,1,1,0,1,1,0,1,1,1,1,0,1,0,1,1,1,1,0,1,1,0,1,1,1,1
0,1,0,1,1,1,1,0,1,1,0,1,1,0,1,0,1,0,1,1,1,1,0,1,1,0,1,1,0,1
0,0,0,1,0,1,1,0,0,1,0,1,0,0,1,0,0,0,1,0,1,1,0,0,1,0,1,0,0,1
0,1,1,1,1,1,1,0,0,0,0,1,0,0,1,0,1,1,1,1,1,1,0,0,0,0,1,0,0,1
0,0,0,1,0,0,1,0,0,0,0,0,0,1,1,0,0,0,1,0,0,1,0,0,0,0,0,0,1,1
0,0,0,1,0,0,1,0,0,0,0,0,0,0,1,0,0,0,1,0,0,1,0,0,0,0,0,0,0,1
0,0,0,1,0,0,1,0,0,0,0,0,0,1,1,0,0,0,1,0,0,1,0,0,0,0,0,0,1,1
0,1,0,1,1,1,1,0,0,1,0,1,1,0,1,0,1,0,1,1,1,1,0,0,1,0,1,1,0,1
0,0,0,1,1,1,1,0,0,1,0,1,1,0,1,0,0,0,1,1,1,1,0,0,1,0,1,1,0,1
0,0,0,1,1,1,1,0,1,1,1,1,1,0,1,0,0,0,1,1,1,1,0,1,1,1,1,1,0,1
0,1,1,1,1,1,1,0,1,0,0,1,0,0,1,0,1,1,1,1,1,1,0,1,0,0,1,0,0,1
0,0,0,1,1,1,1,0,1,1,0,1,1,0,1,0,0,0,1,1,1,1,0,1,1,0,1,1,0,1
0,1,1,1,1,1,1,0,0,0,1,1,0,0,1,0,1,1,1,1,1,1,0,0,0,1,1,0,0,1
0,1,0,1,1,1,1,0,1,1,1,1,1,1,1,0,1,0,1,1,1,1,0,1,1,1,1,1,1,1
0,1,0,1,1,1,1,0,1,0,0,1,1,0,1,0,1,0,1,1,1,1,0,1,0,0,1,1,0,1
0,1,0,1,1,1,1,0,0,0,0,0,0,1,0,0,1,0,1,1,1,1,0,0,0,0,0,0,1,0
0,0,0,1,1,1,1,0,0,0,0,0,0,1,0,0,0,0,1,1,1,1,0,0,0,0,0,0,1,0
0,1,0,1,1,1,1,0,1,1,0,0,1,1,1,0,1,0,1,1,1,1,0,1,1,0,0,1,1,1
0,1,0,1,1,1,1,1,1,1,0,0,1,1,1,0,1,0,1,1,1,1,1,1,1,0,0,1,1,1
0,1,1,1,1,1,1,0,0,1,0,1,0,0,1,0,1,1,1,1,1,1,0,0,1,0,1,0,0,1
0,0,0,1,1,1,1,0,1,0,0,1,1,1,1,0,0,0,1,1,1,1,0,1,0,0,1,1,1,1
0,1,0,1,0,1,1,1,0,1,0,1,1,0,1,0,1,0,1,0,1,1,1,0,1,0,1,1,0,1
0,1,1,1,1,1,1,0,1,1,1,1,0,0,1,0,1,1,1,1,1,1,0,1,1,1,1,0,0,1
0,1,0,1,1,1,1,1,0,1,0,0,1,0,1,0,1,0,1,1,1,1,1,0,1,0,0,1,0,1
0,0,0,1,1,1,1,0,1,1,1,1,0,0,1,0,0,0,1,1,1,1,0,1,1,1,1,0,0,1
0,1,0,1,1,1,1,0,0,0,1,1,0,0,1,0,1,0,1,1,1,1,0,0,0,1,1,0,0,1
0,1,0,1,1,1,1,0,0,0,0,1,0,0,1,0,1,0,1,1,1,1,0,0,0,0,1,0,0,1
0,1,0,1,1,0,1,0,0,0,0,1,0,0,1,0,1,0,1,1,0,1,0,0,0,0,1,0,0,1
0,0,0,1,1,0,1,0,0,0,1,1,0,0,1,0,0,0,1,1,0,1,0,0,0,1,1,0,0,1
0,0,0,1,1,1,1,0,1,1,0,1,0,1,1,0,0,0,1,1,1,1,0,1,1,0,1,0,1,1
0,0,0,1,1,1,1,0,1,0,0,1,0,0,1,0,0,0,1,1,1,1,0,1,0,0,1,0,0,1
0,1,0,1,1,1,1,1,1,0,0,1,0,0,1,0,1,0,1,1,1,1,1,1,0,0,1,0,0,1
0,1,1,1,1,1,1,1,0,0,0,1,0,1,1,0,1,1,1,1,1,1,1,0,0,0,1,0,1,1
0,1,0,1,1,1,1,0,1,1,0,1,0,0,1,0,1,0,1,1,1,1,0,1,1,0,1,0,0,1
0,1,1,1,1,1,1,0,0,0,0,1,0,0,1,0,1,1,1,1,1,1,0,0,0,0,1,0,0,1
0,0,0,1,0,1,1,0,0,0,0,1,0,0,1,0,0,0,1,0,1,1,0,0,0,0,1,0,0,1
0,1,1,1,1,1,1,0,1,0,0,1,1,1,1,0,1,1,1,1,1,1,0,1,0,0,1,1,1,1
0,1,1,1,1,1,1,0,1,1,1,1,1,0,1,0,1,1,1,1,1,1,0,1,1,1,1,1,0,1
0,1,0,1,1,1,1,1,0,1,0,1,1,1,1,0,1,0,1,1,1,1,1,0,1,0,1,1,1,1
0,0,0,1,1,1,1,0,0,0,0,1,0,0,1,0,0,0,1,1,1,1,0,0,0,0,1,0,0,1
0,1,0,1,1,1,1,0,0,1,1,0,1,0,1,0,1,0,1,1,1,1,0,0,1,1,0,1,0,1
0,0,0,1,1,1,1,0,1,1,0,1,0,0,1,0,0,0,1,1,1,1,0,1,1,0,1,0,0,1
0,0,0,1,0,1,1,0,0,0,0,1,0,0,1,0,0,0,1,0,1,1,0,0,0,0,1,0,0,1
0,1,0,1,1,1,1,0,0,1,0,1,0,0,1,0,1,0,1,1,1,1,0,0,1,0,1,0,0,1
0,1,0,1,1,1,1,1,1,0,0,1,0,0,1,0,1,0,1,1,1,1,1,1,0,0,1,0,0,1
0,1,0,1,1,1,1,0,0,1,0,1,1,0,1,0,1,0,1,1,1,1,0,0,1,0,1,1,0,1
0,0,0,1,1,1,1,0,1,0,0,1,0,0,1,0,0,0,1,1,1,1,0,1,0,0,1,0,0,1
0,0,0,1,1,1,1,0,1,0,0,1,0,0,1,0,0,0,1,1,1,1,0,1,0,0,1,0,0,1
0,1,0,1,1,1,1,0,1,1,0,1,0,0,1,0,1,0,1,1,1,1,0,1,1,0,1,0,0,1
0,0,0,1,0,1,1,0,0,0,0,1,0,0,1,0,0,0,1,0,1,1,0,0,0,0,1,0,0,1
0,1,0,1,1,1,1,0,1,1,0,1,1,0,1,0,1,0,1,1,1,1,0,1,1,0,1,1,0,1
0,0,0,1,1,1,1,0,1,0,0,1,1,1,1,0,0,0,1,1,1,1,0,1,0,0,1,1,1,1
0,0,0,1,1,1,1,0,1,1,0,1,0,0,1,0,0,0,1,1,1,1,0,1,1,0,1,0,0,1
0,1,0,1,1,0,1,0,1,0,1,1,0,0,1,0,1,0,1,1,0,1,0,1,0,1,1,0,0,1
0,0,0,1,0,1,1,0,1,0,0,1,0,0,1,0,0,0,1,0,1,1,0,1,0,0,1,0,0,1
0,1,1,1,1,1,1,1,1,1,1,1,1,1,1,0,1,1,1,1,1,1,1,1,1,1,1,1,1,1
0,1,0,1,1,1,1,0,1,1,0,1,1,0,1,0,1,0,1,1,1,1,0,1,1,0,1,1,0,1
0,0,0,1,0,1,0,0,0,0,0,0,1,0,0,0,0,0,1,0,1,0,0,0,0,0,0,1,0,0
0,0,0,1,1,1,1,0,1,1,1,1,1,1,1,0,0,0,1,1,1,1,0,1,1,1,1,1,1,1
0,1,0,1,1,1,1,0,1,1,0,1,1,0,1,0,1,0,1,1,1,1,0,1,1,0,1,1,0,1
0,1,1,1,1,1,1,0,1,1,1,1,1,0,1,0,1,1,1,1,1,1,0,1,1,1,1,1,0,1
0,1,1,1,1,1,1,0,0,1,1,1,1,0,1,0,1,1,1,1,1,1,0,0,1,1,1,1,0,1
0,0,0,1,0,0,1,0,0,0,0,1,0,0,1,0,0,0,1,0,0,1,0,0,0,0,1,0,0,1
0,0,0,1,0,1,0,0,0,1,0,0,0,0,1,0,0,0,1,0,1,0,0,0,1,0,0,0,0,1
0,0,0,1,0,1,1,0,1,1,0,1,1,0,1,0,0,0,1,0,1,1,0,1,1,0,1,1,0,1
0,0,0,1,1,1,1,0,1,1,0,1,1,0,1,0,0,0,1,1,1,1,0,1,1,0,1,1,0,1
0,0,0,1,1,1,1,0,0,1,0,0,1,0,1,0,0,0,1,1,1,1,0,0,1,0,0,1,0,1
0,0,0,1,1,1,1,0,0,0,0,0,0,1,1,0,0,0,1,1,1,1,0,0,0,0,0,0,1,1
0,1,0,1,0,1,1,0,0,0,0,1,0,0,1,0,1,0,1,0,1,1,0,0,0,0,1,0,0,1
0,1,0,1,1,1,1,0,1,1,1,1,1,0,1,0,1,0,1,1,1,1,0,1,1,1,1,1,0,1
0,1,0,1,1,1,1,1,1,0,0,1,1,0,1,0,1,0,1,1,1,1,1,1,0,0,1,1,0,1
0,0,0,1,0,1,1,0,0,0,0,0,0,0,1,0,0,0,1,0,1,1,0,0,0,0,0,0,0,1
0,0,0,1,1,1,1,0,0,0,0,0,0,0,1,0,0,0,1,1,1,1,0,0,0,0,0,0,0,1
0,0,0,1,0,1,1,0,0,1,0,0,0,0,1,0,0,0,1,0,1,1,0,0,1,0,0,0,0,1
0,0,0,1,0,1,1,0,0,0,0,0,0,0,1,0,0,0,1,0,1,1,0,0,0,0,0,0,0,1
0,0,0,1,0,1,1,0,0,0,0,0,0,0,1,0,0,0,1,0,1,1,0,0,0,0,0,0,0,1
0,0,0,1,0,1,1,0,0,0,0,0,0,0,1,0,0,0,1,0,1,1,0,0,0,0,0,0,0,1
0,1,0,1,1,1,1,1,1,1,0,1,1,1,1,0,1,0,1,1,1,1,1,1,1,0,1,1,1,1
0,0,0,1,0,0,1,0,0,0,0,1,0,0,1,0,0,0,1,0,0,1,0,0,0,0,1,0,0,1
0,0,0,1,1,1,1,0,1,1,0,1,1,1,1,0,0,0,1,1,1,1,0,1,1,0,1,1,1,1
0,0,0,1,1,1,1,0,0,1,0,1,0,1,1,0,0,0,1,1,1,1,0,0,1,0,1,0,1,1
0,1,0,1,1,1,1,0,1,1,0,1,0,1,1,0,1,0,1,1,1,1,0,1,1,0,1,0,1,1
0,1,0,1,1,1,1,0,1,1,0,1,0,1,1,0,1,0,1,1,1,1,0,1,1,0,1,0,1,1
0,1,1,1,1,1,1,0,0,0,1,1,0,0,1,0,1,1,1,1,1,1,0,0,0,1,1,0,0,1
0,1,0,1,1,1,1,0,0,0,0,1,0,0,1,0,1,0,1,1,1,1,0,0,0,0,1,0,0,1
0,1,0,1,1,0,1,0,0,0,0,1,1,0,1,0,1,0,1,1,0,1,0,0,0,0,1,1,0,1
0,1,0,1,1,1,1,0,1,1,0,1,1,1,1,0,1,0,1,1,1,1,0,1,1,0,1,1,1,1
0,1,0,1,1,1,1,0,1,0,1,1,1,0,1,0,1,0,1,1,1,1,0,1,0,1,1,1,0,1
0,0,0,1,1,1,1,0,1,1,0,0,0,0,1,0,0,0,1,1,1,1,0,1,1,0,0,0,0,1
0,1,0,1,1,0,1,0,0,0,0,0,0,0,1,0,1,0,1,1,0,1,0,0,0,0,0,0,0,1
0,1,0,1,1,1,1,0,0,1,0,1,0,0,0,0,1,0,1,1,1,1,0,0,1,0,1,0,0,0
0,1,0,1,1,0,1,0,0,0,0,0,0,0,1,0,1,0,1,1,0,1,0,0,0,0,0,0,0,1
0,0,0,1,1,1,1,0,1,1,0,1,1,1,1,0,0,0,1,1,1,1,0,1,1,0,1,1,1,1
0,1,0,1,1,1,1,0,1,1,0,1,1,0,1,0,1,0,1,1,1,1,0,1,1,0,1,1,0,1
0,1,0,1,1,1,1,0,0,0,1,1,0,0,0,0,1,0,1,1,1,1,0,0,0,1,1,0,0,0
0,1,1,1,1,1,1,0,1,1,1,1,1,1,1,0,1,1,1,1,1,1,0,1,1,1,1,1,1,1
0,1,0,1,1,1,1,1,0,1,1,1,1,0,1,0,1,0,1,1,1,1,1,0,1,1,1,1,0,1
0,0,0,1,1,1,1,0,0,1,0,0,1,0,1,0,0,0,1,1,1,1,0,0,1,0,0,1,0,1
0,1,0,1,1,1,1,0,0,1,0,1,0,0,1,0,1,0,1,1,1,1,0,0,1,0,1,0,0,1
0,1,1,1,1,1,1,0,1,1,1,1,1,0,1,0,1,1,1,1,1,1,0,1,1,1,1,1,0,1
0,1,1,1,1,1,1,0,1,1,0,1,1,1,1,0,1,1,1,1,1,1,0,1,1,0,1,1,1,1
0,0,0,1,1,1,1,0,1,1,0,1,1,0,1,0,0,0,1,1,1,1,0,1,1,0,1,1,0,1
0,1,0,1,1,1,1,0,1,0,0,1,1,0,1,0,1,0,1,1,1,1,0,1,0,0,1,1,0,1
0,0,0,1,1,1,1,0,1,1,0,0,0,0,1,0,0,0,1,1,1,1,0,1,1,0,0,0,0,1
0,0,0,1,1,1,1,0,1,1,0,0,0,0,1,0,0,0,1,1,1,1,0,1,1,0,0,0,0,1
0,0,0,1,1,1,1,0,1,1,0,0,0,0,1,0,0,0,1,1,1,1,0,1,1,0,0,0,0,1
0,0,0,1,1,1,1,0,1,1,0,0,0,0,1,0,0,0,1,1,1,1,0,1,1,0,0,0,0,1
0,0,0,1,0,1,1,0,0,0,0,0,0,0,1,0,0,0,1,0,1,1,0,0,0,0,0,0,0,1
0,1,0,1,1,1,1,1,0,0,0,1,0,1,1,0,1,0,1,1,1,1,1,0,0,0,1,0,1,1
0,1,1,1,1,1,1,0,1,1,0,1,0,0,1,0,1,1,1,1,1,1,0,1,1,0,1,0,0,1
0,1,0,1,1,1,1,0,1,0,1,1,1,0,1,0,1,0,1,1,1,1,0,1,0,1,1,1,0,1
0,0,0,1,1,1,1,0,0,0,0,1,0,0,1,0,0,0,1,1,1,1,0,0,0,0,1,0,0,1
0,1,0,1,1,1,1,0,0,1,0,0,1,0,1,0,1,0,1,1,1,1,0,0,1,0,0,1,0,1
0,0,0,1,1,0,1,0,0,0,0,1,0,1,1,0,0,0,1,1,0,1,0,0,0,0,1,0,1,1
0,1,0,1,1,1,1,0,1,1,1,1,0,1,1,0,1,0,1,1,1,1,0,1,1,1,1,0,1,1
0,1,0,1,1,1,1,0,0,1,0,1,0,0,1,0,1,0,1,1,1,1,0,0,1,0,1,0,0,1
0,1,0,1,1,1,1,0,0,0,0,1,1,0,0,0,1,0,1,1,1,1,0,0,0,0,1,1,0,0
0,1,0,1,1,1,1,0,0,0,0,1,0,0,1,0,1,0,1,1,1,1,0,0,0,0,1,0,0,1
0,1,1,1,1,1,1,0,1,1,0,1,1,0,1,0,1,1,1,1,1,1,0,1,1,0,1,1,0,1
0,0,0,1,1,1,1,0,0,1,0,1,0,0,1,0,0,0,1,1,1,1,0,0,1,0,1,0,0,1
0,0,0,1,1,1,1,0,1,1,0,0,0,0,1,0,0,0,1,1,1,1,0,1,1,0,0,0,0,1
0,1,0,1,1,0,1,0,0,0,0,1,0,0,1,0,1,0,1,1,0,1,0,0,0,0,1,0,0,1
0,1,0,1,0,1,1,0,0,0,0,0,0,0,1,0,1,0,1,0,1,1,0,0,0,0,0,0,0,1
0,1,0,1,1,1,1,0,0,1,0,1,1,1,1,0,1,0,1,1,1,1,0,0,1,0,1,1,1,1
0,0,0,1,1,0,1,0,1,1,0,1,0,0,1,0,0,0,1,1,0,1,0,1,1,0,1,0,0,1
0,0,0,1,1,1,1,0,0,0,0,0,1,0,1,0,0,0,1,1,1,1,0,0,0,0,0,1,0,1
0,1,0,1,1,0,1,0,0,0,0,1,0,0,0,0,1,0,1,1,0,1,0,0,0,0,1,0,0,0
0,0,0,1,1,1,1,0,0,0,0,1,1,0,1,0,0,0,1,1,1,1,0,0,0,0,1,1,0,1
0,0,0,1,1,1,1,0,0,0,0,1,1,1,1,0,0,0,1,1,1,1,0,0,0,0,1,1,1,1
0,0,0,1,1,1,1,0,0,0,0,1,0,0,1,0,0,0,1,1,1,1,0,0,0,0,1,0,0,1
0,1,0,1,0,0,1,0,0,0,0,0,0,0,1,0,1,0,1,0,0,1,0,0,0,0,0,0,0,1
0,1,0,1,0,0,1,0,0,0,0,0,0,0,1,0,1,0,1,0,0,1,0,0,0,0,0,0,0,1
0,1,0,1,0,0,1,0,0,0,0,0,0,0,1,0,1,0,1,0,0,1,0,0,0,0,0,0,0,1
0,1,0,1,1,1,1,0,1,1,0,1,0,0,1,0,1,0,1,1,1,1,0,1,1,0,1,0,0,1
0,0,0,1,1,1,1,0,1,1,0,0,1,0,1,0,0,0,1,1,1,1,0,1,1,0,0,1,0,1
0,0,0,1,1,1,1,0,1,1,0,1,1,0,1,0,0,0,1,1,1,1,0,1,1,0,1,1,0,1
0,0,0,1,1,1,1,0,0,0,0,1,0,0,1,0,0,0,1,1,1,1,0,0,0,0,1,0,0,1
0,0,0,1,0,1,1,0,0,0,0,0,0,0,1,0,0,0,1,0,1,1,0,0,0,0,0,0,0,1
0,0,0,1,1,1,1,0,0,1,0,1,0,0,1,0,0,0,1,1,1,1,0,0,1,0,1,0,0,1
0,0,0,1,0,1,1,0,0,0,0,1,0,0,1,0,0,0,1,0,1,1,0,0,0,0,1,0,0,1
0,0,0,1,0,1,1,0,0,0,0,0,0,0,1,0,0,0,1,0,1,1,0,0,0,0,0,0,0,1
0,0,0,1,1,1,1,0,1,1,0,0,1,0,1,0,0,0,1,1,1,1,0,1,1,0,0,1,0,1
0,0,0,1,0,1,1,0,0,0,0,0,0,0,1,0,0,0,1,0,1,1,0,0,0,0,0,0,0,1
0,1,1,1,0,1,1,0,0,1,0,0,0,0,1,0,1,1,1,0,1,1,0,0,1,0,0,0,0,1
0,1,1,1,0,1,1,0,0,1,0,0,0,0,1,0,1,1,1,0,1,1,0,0,1,0,0,0,0,1
0,1,0,1,1,0,1,0,0,0,0,1,0,0,1,0,1,0,1,1,0,1,0,0,0,0,1,0,0,1
0,0,0,1,0,1,1,0,0,0,0,0,0,0,1,0,0,0,1,0,1,1,0,0,0,0,0,0,0,1
0,0,0,1,1,1,1,0,1,0,0,1,1,0,1,0,0,0,1,1,1,1,0,1,0,0,1,1,0,1
0,0,0,1,1,1,1,1,1,1,0,1,0,1,1,0,0,0,1,1,1,1,1,1,1,0,1,0,1,1
0,1,0,1,1,1,1,0,1,0,0,1,0,0,1,0,1,0,1,1,1,1,0,1,0,0,1,0,0,1
0,1,0,1,1,1,1,0,1,1,0,1,0,0,1,0,1,0,1,1,1,1,0,1,1,0,1,0,0,1
0,1,0,1,0,1,1,0,1,0,0,1,0,0,1,0,1,0,1,0,1,1,0,1,0,0,1,0,0,1
0,1,0,1,1,1,1,0,0,0,0,1,1,0,1,0,1,0,1,1,1,1,0,0,0,0,1,1,0,1
0,0,0,1,1,0,1,0,0,0,0,1,0,0,1,0,0,0,1,1,0,1,0,0,0,0,1,0,0,1
0,1,0,1,1,1,1,0,1,1,0,0,1,0,1,0,1,0,1,1,1,1,0,1,1,0,0,1,0,1
0,0,0,1,1,1,1,0,0,0,0,1,1,0,1,0,0,0,1,1,1,1,0,0,0,0,1,1,0,1
0,0,0,1,1,1,1,0,0,0,0,1,0,0,1,0,0,0,1,1,1,1,0,0,0,0,1,0,0,1
0,1,0,1,1,1,1,0,1,1,0,1,0,0,1,0,1,0,1,1,1,1,0,1,1,0,1,0,0,1
0,1,0,1,1,1,1,0,1,0,0,1,0,0,1,0,1,0,1,1,1,1,0,1,0,0,1,0,0,1
0,1,0,1,1,1,1,0,1,1,0,1,1,0,1,0,1,0,1,1,1,1,0,1,1,0,1,1,0,1
0,0,0,1,1,1,1,0,1,1,0,1,0,1,1,0,0,0,1,1,1,1,0,1,1,0,1,0,1,1
0,1,0,1,0,0,1,0,0,1,0,1,1,1,1,0,1,0,1,0,0,1,0,0,1,0,1,1,1,1
0,1,0,1,1,1,1,0,1,1,0,1,1,0,1,0,1,0,1,1,1,1,0,1,1,0,1,1,0,1
0,1,0,1,1,1,1,0,0,1,0,1,0,0,1,0,1,0,1,1,1,1,0,0,1,0,1,0,0,1
0,1,0,1,1,1,1,0,1,1,0,1,1,0,1,0,1,0,1,1,1,1,0,1,1,0,1,1,0,1
0,0,0,1,1,1,1,0,0,1,0,1,0,1,1,0,0,0,1,1,1,1,0,0,1,0,1,0,1,1
0,1,0,1,1,1,1,0,0,0,0,1,1,0,1,0,1,0,1,1,1,1,0,0,0,0,1,1,0,1
0,0,0,1,1,1,1,0,0,1,1,1,1,1,1,0,0,0,1,1,1,1,0,0,1,1,1,1,1,1
0,1,0,1,1,1,1,1,1,0,1,1,1,0,1,0,1,0,1,1,1,1,1,1,0,1,1,1,0,1
0,1,0,1,1,1,1,0,1,0,0,1,1,0,1,0,1,0,1,1,1,1,0,1,0,0,1,1,0,1
0,1,1,1,1,1,1,0,1,1,0,1,1,0,1,0,1,1,1,1,1,1,0,1,1,0,1,1,0,1
0,0,0,1,1,1,1,0,1,0,0,1,1,0,1,0,0,0,1,1,1,1,0,1,0,0,1,1,0,1
0,1,0,1,1,1,1,0,1,1,1,1,0,1,1,0,1,0,1,1,1,1,0,1,1,1,1,0,1,1
0,1,0,1,1,1,1,0,1,1,1,1,0,1,0,0,1,0,1,1,1,1,0,1,1,1,1,0,1,0
0,1,0,1,1,1,1,0,0,1,0,1,1,0,1,0,1,0,1,1,1,1,0,0,1,0,1,1,0,1
0,0,0,1,0,0,1,0,0,0,0,1,0,0,1,0,0,0,1,0,0,1,0,0,0,0,1,0,0,1
0,0,0,1,1,1,1,0,1,1,1,1,0,0,1,0,0,0,1,1,1,1,0,1,1,1,1,0,0,1
0,0,0,1,1,1,1,0,1,0,0,1,0,0,1,0,0,0,1,1,1,1,0,1,0,0,1,0,0,1
0,1,0,1,1,1,1,0,0,1,0,1,1,0,1,0,1,0,1,1,1,1,0,0,1,0,1,1,0,1
0,0,0,1,1,1,1,0,0,0,0,0,1,0,1,0,0,0,1,1,1,1,0,0,0,0,0,1,0,1
0,0,0,1,1,1,1,0,1,1,0,1,1,0,1,0,0,0,1,1,1,1,0,1,1,0,1,1,0,1
0,0,0,1,1,1,1,0,0,0,0,1,1,0,1,0,0,0,1,1,1,1,0,0,0,0,1,1,0,1
0,0,0,1,1,1,1,0,0,0,0,1,0,0,1,0,0,0,1,1,1,1,0,0,0,0,1,0,0,1
0,1,0,1,1,0,1,0,0,0,0,0,0,0,1,0,1,0,1,1,0,1,0,0,0,0,0,0,0,1
0,1,0,1,1,1,1,0,1,1,0,1,0,0,1,0,1,0,1,1,1,1,0,1,1,0,1,0,0,1
0,0,0,1,1,1,1,0,0,1,1,1,1,1,1,0,0,0,1,1,1,1,0,0,1,1,1,1,1,1
0,0,0,1,1,1,1,0,1,0,0,0,0,0,1,0,0,0,1,1,1,1,0,1,0,0,0,0,0,1
0,0,0,1,1,1,1,0,1,1,0,1,0,0,1,0,0,0,1,1,1,1,0,1,1,0,1,0,0,1
0,0,0,1,1,1,1,0,1,1,1,1,1,0,1,0,0,0,1,1,1,1,0,1,1,1,1,1,0,1
0,1,0,1,0,1,1,0,1,0,1,1,1,0,1,0,1,0,1,0,1,1,0,1,0,1,1,1,0,1
0,0,0,1,1,1,1,0,1,1,0,1,0,0,1,0,0,0,1,1,1,1,0,1,1,0,1,0,0,1
0,0,0,1,1,1,1,0,0,1,0,1,0,0,1,0,0,0,1,1,1,1,0,0,1,0,1,0,0,1
0,0,0,1,1,1,1,0,0,0,0,1,0,0,1,0,0,0,1,1,1,1,0,0,0,0,1,0,0,1
0,0,0,1,1,1,1,0,1,1,0,1,0,0,1,0,0,0,1,1,1,1,0,1,1,0,1,0,0,1
0,1,1,1,1,1,1,0,1,1,0,1,1,0,1,0,1,1,1,1,1,1,0,1,1,0,1,1,0,1
0,1,0,1,1,1,1,0,1,1,1,1,1,1,1,0,1,0,1,1,1,1,0,1,1,1,1,1,1,1
0,1,0,1,1,1,1,0,1,0,0,1,0,0,1,0,1,0,1,1,1,1,0,1,0,0,1,0,0,1
0,1,0,1,0,1,1,0,0,0,1,1,1,0,1,0,1,0,1,0,1,1,0,0,0,1,1,1,0,1
0,1,0,1,1,1,1,0,1,0,0,1,1,0,1,0,1,0,1,1,1,1,0,1,0,0,1,1,0,1
0,0,0,1,1,1,1,0,1,1,0,1,1,1,1,0,0,0,1,1,1,1,0,1,1,0,1,1,1,1
0,0,0,1,1,1,1,1,1,1,0,1,1,0,1,0,0,0,1,1,1,1,1,1,1,0,1,1,0,1
0,1,0,1,1,1,1,0,1,1,0,1,1,0,1,0,1,0,1,1,1,1,0,1,1,0,1,1,0,1
0,1,0,1,1,1,1,0,0,0,1,1,1,1,1,0,1,0,1,1,1,1,0,0,0,1,1,1,1,1
0,1,1,1,0,1,1,0,0,1,0,1,0,0,0,0,1,1,1,0,1,1,0,0,1,0,1,0,0,0
0,0,0,1,1,1,1,0,1,1,0,1,1,0,1,0,0,0,1,1,1,1,0,1,1,0,1,1,0,1
0,1,0,1,1,1,1,0,0,1,1,1,0,0,1,0,1,0,1,1,1,1,0,0,1,1,1,0,0,1
0,1,0,1,1,1,1,0,1,1,0,1,1,0,1,0,1,0,1,1,1,1,0,1,1,0,1,1,0,1
0,0,0,1,1,1,1,0,0,0,0,1,1,0,1,0,0,0,1,1,1,1,0,0,0,0,1,1,0,1
0,0,0,1,1,1,1,0,1,1,0,1,1,1,1,0,0,0,1,1,1,1,0,1,1,0,1,1,1,1
0,1,0,1,1,1,1,0,1,1,0,1,0,0,1,0,1,0,1,1,1,1,0,1,1,0,1,0,0,1
0,1,0,1,1,1,1,0,1,1,0,1,0,0,1,0,1,0,1,1,1,1,0,1,1,0,1,0,0,1
0,0,0,1,1,1,1,0,1,1,0,1,1,0,1,0,0,0,1,1,1,1,0,1,1,0,1,1,0,1
0,0,0,1,1,1,1,0,1,1,0,1,0,0,1,0,0,0,1,1,1,1,0,1,1,0,1,0,0,1
0,1,0,1,1,1,1,0,1,1,1,1,1,0,1,0,1,0,1,1,1,1,0,1,1,1,1,1,0,1
0,1,0,1,1,1,1,0,1,0,0,1,1,0,1,0,1,0,1,1,1,1,0,1,0,0,1,1,0,1
0,1,0,1,1,1,1,0,1,0,0,1,1,0,1,0,1,0,1,1,1,1,0,1,0,0,1,1,0,1
0,0,0,1,1,1,1,0,1,0,0,1,0,0,1,0,0,0,1,1,1,1,0,1,0,0,1,0,0,1
0,1,0,1,1,1,1,0,0,0,1,1,1,0,1,0,1,0,1,1,1,1,0,0,0,1,1,1,0,1
0,1,0,1,1,0,1,0,0,0,0,1,1,0,1,0,1,0,1,1,0,1,0,0,0,0,1,1,0,1
0,1,0,1,1,1,1,0,0,0,0,1,0,1,1,0,1,0,1,1,1,1,0,0,0,0,1,0,1,1
0,0,0,1,1,1,1,0,1,0,0,0,0,0,1,0,0,0,1,1,1,1,0,1,0,0,0,0,0,1
0,0,0,1,1,1,1,0,1,0,0,0,0,0,1,0,0,0,1,1,1,1,0,1,0,0,0,0,0,1
0,0,0,1,1,1,1,0,1,0,0,0,0,0,1,0,0,0,1,1,1,1,0,1,0,0,0,0,0,1
0,1,0,1,1,1,1,0,0,0,0,1,0,0,1,0,1,0,1,1,1,1,0,0,0,0,1,0,0,1
0,1,0,1,1,1,1,0,0,0,0,0,1,0,1,0,1,0,1,1,1,1,0,0,0,0,0,1,0,1
0,0,0,1,0,1,1,0,1,0,0,0,0,0,1,0,0,0,1,0,1,1,0,1,0,0,0,0,0,1
0,1,0,1,1,1,1,0,1,1,1,1,1,1,1,0,1,0,1,1,1,1,0,1,1,1,1,1,1,1
0,0,0,1,0,0,1,0,1,0,0,0,0,0,1,0,0,0,1,0,0,1,0,1,0,0,0,0,0,1
0,0,0,1,1,1,1,0,0,0,0,1,0,0,1,0,0,0,1,1,1,1,0,0,0,0,1,0,0,1
0,0,0,1,1,1,1,0,1,0,1,1,1,0,1,0,0,0,1,1,1,1,0,1,0,1,1,1,0,1
0,0,0,1,1,1,1,0,0,0,0,0,0,0,1,0,0,0,1,1,1,1,0,0,0,0,0,0,0,1
0,1,0,1,1,1,1,0,0,1,1,0,1,0,1,0,1,0,1,1,1,1,0,0,1,1,0,1,0,1
0,1,0,1,1,1,1,0,1,1,0,1,0,0,1,0,1,0,1,1,1,1,0,1,1,0,1,0,0,1
0,1,0,1,1,1,1,0,1,1,0,1,1,1,1,0,1,0,1,1,1,1,0,1,1,0,1,1,1,1
0,0,0,1,1,1,1,0,0,0,0,1,0,0,1,0,0,0,1,1,1,1,0,0,0,0,1,0,0,1
0,0,0,1,0,1,1,0,0,1,0,0,0,0,1,0,0,0,1,0,1,1,0,0,1,0,0,0,0,1
0,1,0,1,1,1,1,0,1,1,0,1,1,0,1,0,1,0,1,1,1,1,0,1,1,0,1,1,0,1
0,1,0,1,1,1,1,0,0,0,0,1,0,1,1,0,1,0,1,1,1,1,0,0,0,0,1,0,1,1
0,1,0,1,1,1,1,1,0,0,0,1,0,0,1,0,1,0,1,1,1,1,1,0,0,0,1,0,0,1
0,1,1,1,1,1,1,0,1,1,1,1,1,0,1,0,1,1,1,1,1,1,0,1,1,1,1,1,0,1
0,0,0,1,1,1,1,0,1,1,0,1,1,1,1,0,0,0,1,1,1,1,0,1,1,0,1,1,1,1
0,1,0,1,1,1,1,0,1,0,0,1,0,1,1,0,1,0,1,1,1,1,0,1,0,0,1,0,1,1
0,1,0,1,1,1,1,0,1,1,0,1,1,0,1,0,1,0,1,1,1,1,0,1,1,0,1,1,0,1
0,1,0,1,1,1,1,0,0,1,0,1,1,0,1,0,1,0,1,1,1,1,0,0,1,0,1,1,0,1
0,1,0,1,1,1,1,0,1,1,0,1,1,1,1,0,1,0,1,1,1,1,0,1,1,0,1,1,1,1
0,0,0,1,0,0,1,0,0,0,0,1,0,0,1,0,0,0,1,0,0,1,0,0,0,0,1,0,0,1
0,1,0,1,1,1,1,0,0,0,0,1,0,0,1,0,1,0,1,1,1,1,0,0,0,0,1,0,0,1
0,1,0,1,1,1,1,1,1,1,0,1,1,0,0,0,1,0,1,1,1,1,1,1,1,0,1,1,0,0
0,1,0,1,1,1,1,0,0,0,0,1,1,0,1,0,1,0,1,1,1,1,0,0,0,0,1,1,0,1
0,1,1,1,1,1,1,0,0,0,1,1,0,1,1,0,1,1,1,1,1,1,0,0,0,1,1,0,1,1
0,1,0,1,1,1,1,0,1,1,0,1,0,0,1,0,1,0,1,1,1,1,0,1,1,0,1,0,0,1
0,1,0,1,1,1,1,0,0,0,0,1,1,1,1,0,1,0,1,1,1,1,0,0,0,0,1,1,1,1
0,0,0,1,1,1,1,0,0,0,0,1,0,0,1,0,0,0,1,1,1,1,0,0,0,0,1,0,0,1
0,1,0,1,0,0,1,0,0,1,0,1,0,0,1,0,1,0,1,0,0,1,0,0,1,0,1,0,0,1
0,0,0,1,1,1,1,0,1,0,0,1,0,0,1,0,0,0,1,1,1,1,0,1,0,0,1,0,0,1
0,0,0,1,1,1,1,0,1,0,0,1,0,0,1,0,0,0,1,1,1,1,0,1,0,0,1,0,0,1
0,0,0,1,1,1,1,0,1,0,1,0,0,0,1,0,0,0,1,1,1,1,0,1,0,1,0,0,0,1
0,0,0,1,0,1,1,0,1,0,0,1,0,0,1,0,0,0,1,0,1,1,0,1,0,0,1,0,0,1
0,0,0,1,1,1,1,0,1,1,0,1,0,0,1,0,0,0,1,1,1,1,0,1,1,0,1,0,0,1
0,1,0,1,1,1,1,0,0,1,0,1,1,1,1,0,1,0,1,1,1,1,0,0,1,0,1,1,1,1
0,0,0,1,0,0,1,0,0,1,0,0,0,0,1,0,0,0,1,0,0,1,0,0,1,0,0,0,0,1
0,0,0,1,1,1,1,0,1,0,1,1,0,0,1,0,0,0,1,1,1,1,0,1,0,1,1,0,0,1
0,1,0,1,1,1,1,0,0,1,0,1,0,0,1,0,1,0,1,1,1,1,0,0,1,0,1,0,0,1
0,1,0,1,0,1,1,0,0,1,0,1,0,0,0,0,1,0,1,0,1,1,0,0,1,0,1,0,0,0
0,1,1,1,1,1,1,0,1,1,1,1,1,0,1,0,1,1,1,1,1,1,0,1,1,1,1,1,0,1
0,0,0,1,1,1,1,0,1,0,0,1,1,0,0,0,0,0,1,1,1,1,0,1,0,0,1,1,0,0
0,0,0,1,1,1,1,0,1,1,0,1,1,0,1,0,0,0,1,1,1,1,0,1,1,0,1,1,0,1
0,0,0,1,1,1,1,0,1,1,1,1,1,0,0,0,0,0,1,1,1,1,0,1,1,1,1,1,0,0
0,0,0,1,1,1,1,0,1,1,0,1,0,1,0,0,0,0,1,1,1,1,0,1,1,0,1,0,1,0
0,0,0,1,1,0,1,0,0,0,0,1,0,0,1,0,0,0,1,1,0,1,0,0,0,0,1,0,0,1
0,0,0,1,1,1,1,0,0,0,0,0,0,0,1,0,0,0,1,1,1,1,0,0,0,0,0,0,0,1
0,0,0,1,1,1,1,0,1,0,0,1,0,0,1,0,0,0,1,1,1,1,0,1,0,0,1,0,0,1
0,1,0,1,1,1,1,0,0,1,0,1,1,0,1,0,1,0,1,1,1,1,0,0,1,0,1,1,0,1
0,0,0,1,1,1,1,0,1,0,0,1,0,0,1,0,0,0,1,1,1,1,0,1,0,0,1,0,0,1
0,0,0,1,0,1,1,0,1,0,0,1,1,1,1,0,0,0,1,0,1,1,0,1,0,0,1,1,1,1
0,1,0,1,1,1,1,0,1,1,1,1,0,0,0,0,1,0,1,1,1,1,0,1,1,1,1,0,0,0
0,0,0,1,1,1,1,0,1,0,0,1,0,0,1,0,0,0,1,1,1,1,0,1,0,0,1,0,0,1
1,1,0,1,0,1,1,0,1,1,0,1,1,0,1,1,1,0,1,0,1,1,0,1,1,0,1,1,0,1
0,1,0,1,1,1,1,0,0,1,0,1,0,0,1,0,1,0,1,1,1,1,0,0,1,0,1,0,0,1
0,0,0,1,1,1,1,0,1,0,0,1,0,0,1,0,0,0,1,1,1,1,0,1,0,0,1,0,0,1
0,0,0,1,1,1,1,0,0,1,0,1,0,0,1,0,0,0,1,1,1,1,0,0,1,0,1,0,0,1
0,0,0,1,1,1,1,0,0,0,0,1,0,0,1,0,0,0,1,1,1,1,0,0,0,0,1,0,0,1
0,1,1,1,1,1,1,0,1,1,0,1,1,0,1,0,1,1,1,1,1,1,0,1,1,0,1,1,0,1
0,1,0,1,1,1,1,0,1,1,0,1,0,1,1,0,1,0,1,1,1,1,0,1,1,0,1,0,1,1
0,0,0,1,0,0,1,0,1,0,0,1,1,0,1,0,0,0,1,0,0,1,0,1,0,0,1,1,0,1
0,0,0,1,0,0,1,0,0,0,1,1,0,0,1,0,0,0,1,0,0,1,0,0,0,1,1,0,0,1
0,0,0,1,1,1,1,0,0,1,0,0,0,0,1,0,0,0,1,1,1,1,0,0,1,0,0,0,0,1
0,1,1,1,1,1,1,0,1,0,0,1,0,0,1,0,1,1,1,1,1,1,0,1,0,0,1,0,0,1
0,1,1,1,1,1,1,0,1,1,0,1,0,0,1,0,1,1,1,1,1,1,0,1,1,0,1,0,0,1
0,0,0,1,0,0,1,0,0,0,0,1,0,0,1,0,0,0,1,0,0,1,0,0,0,0,1,0,0,1
0,0,0,1,1,1,1,0,1,1,0,1,0,0,0,0,0,0,1,1,1,1,0,1,1,0,1,0,0,0
0,0,0,1,1,1,1,0,0,1,0,0,0,0,1,0,0,0,1,1,1,1,0,0,1,0,0,0,0,1
0,0,0,1,0,1,1,0,1,0,0,1,0,1,1,0,0,0,1,0,1,1,0,1,0,0,1,0,1,1
0,0,0,1,0,1,1,0,0,1,0,0,0,0,1,0,0,0,1,0,1,1,0,0,1,0,0,0,0,1
0,0,0,1,1,1,1,0,0,0,0,0,0,0,1,0,0,0,1,1,1,1,0,0,0,0,0,0,0,1
0,1,0,1,0,0,0,0,0,0,0,1,0,0,1,0,1,0,1,0,0,0,0,0,0,0,1,0,0,1
0,1,0,1,1,1,1,0,0,0,1,1,0,1,1,0,1,0,1,1,1,1,0,0,0,1,1,0,1,1
0,0,0,1,0,1,1,0,0,0,0,1,0,0,1,0,0,0,1,0,1,1,0,0,0,0,1,0,0,1
0,1,0,1,1,1,1,0,1,0,1,1,0,0,1,0,1,0,1,1,1,1,0,1,0,1,1,0,0,1
0,0,0,1,0,1,1,0,0,1,0,0,0,0,1,0,0,0,1,0,1,1,0,0,1,0,0,0,0,1
0,0,0,1,0,1,1,0,1,1,0,0,0,0,1,0,0,0,1,0,1,1,0,1,1,0,0,0,0,1
0,0,0,1,1,1,1,0,1,1,1,1,1,0,1,0,0,0,1,1,1,1,0,1,1,1,1,1,0,1
0,1,0,1,1,1,1,1,1,1,0,0,0,0,1,0,1,0,1,1,1,1,1,1,1,0,0,0,0,1
0,0,0,1,1,0,1,0,0,1,1,1,0,0,1,0,0,0,1,1,0,1,0,0,1,1,1,0,0,1
0,1,0,1,0,1,1,0,0,0,0,1,0,1,1,0,1,0,1,0,1,1,0,0,0,0,1,0,1,1
0,1,0,1,0,0,1,0,0,0,0,0,0,0,1,0,1,0,1,0,0,1,0,0,0,0,0,0,0,1
0,1,0,1,1,1,1,0,0,0,0,1,0,0,1,0,1,0,1,1,1,1,0,0,0,0,1,0,0,1
0,1,0,1,1,1,1,0,0,0,0,0,0,0,1,0,1,0,1,1,1,1,0,0,0,0,0,0,0,1
0,1,0,1,1,1,1,0,1,1,0,1,1,0,1,0,1,0,1,1,1,1,0,1,1,0,1,1,0,1
0,1,0,1,1,1,1,0,1,1,0,1,0,1,1,0,1,0,1,1,1,1,0,1,1,0,1,0,1,1
0,1,1,1,1,1,1,0,0,1,0,1,0,0,1,0,1,1,1,1,1,1,0,0,1,0,1,0,0,1
0,0,0,1,0,1,1,0,0,0,0,1,0,0,1,0,0,0,1,0,1,1,0,0,0,0,1,0,0,1
0,0,0,1,1,1,1,0,1,0,0,1,0,0,1,0,0,0,1,1,1,1,0,1,0,0,1,0,0,1
0,1,1,1,1,1,1,0,1,1,0,1,0,1,1,0,1,1,1,1,1,1,0,1,1,0,1,0,1,1
0,0,0,1,1,1,1,0,0,0,0,1,1,1,1,0,0,0,1,1,1,1,0,0,0,0,1,1,1,1
0,1,0,1,1,1,1,0,0,0,0,1,1,0,1,0,1,0,1,1,1,1,0,0,0,0,1,1,0,1
0,1,0,1,1,1,1,0,0,1,1,1,1,1,1,0,1,0,1,1,1,1,0,0,1,1,1,1,1,1
0,1,1,1,1,1,1,0,0,1,0,1,1,0,1,0,1,1,1,1,1,1,0,0,1,0,1,1,0,1
0,0,0,1,1,1,1,0,1,1,0,1,1,1,1,0,0,0,1,1,1,1,0,1,1,0,1,1,1,1
0,1,0,1,0,0,1,0,0,1,0,1,0,1,1,0,1,0,1,0,0,1,0,0,1,0,1,0,1,1
0,1,0,1,0,1,1,0,0,0,0,0,0,0,1,0,1,0,1,0,1,1,0,0,0,0,0,0,0,1
0,1,0,1,1,1,1,0,1,0,0,1,0,0,1,0,1,0,1,1,1,1,0,1,0,0,1,0,0,1
0,1,0,1,1,1,1,0,0,1,1,1,1,1,1,0,1,0,1,1,1,1,0,0,1,1,1,1,1,1
0,1,0,1,1,1,1,0,1,1,0,1,1,0,1,0,1,0,1,1,1,1,0,1,1,0,1,1,0,1
0,1,0,1,1,1,1,0,0,1,0,1,1,0,1,0,1,0,1,1,1,1,0,0,1,0,1,1,0,1
0,1,0,1,0,1,1,0,1,0,0,1,1,0,1,0,1,0,1,0,1,1,0,1,0,0,1,1,0,1
0,0,0,1,0,1,1,0,0,0,0,0,0,0,1,0,0,0,1,0,1,1,0,0,0,0,0,0,0,1
0,1,0,1,1,1,1,0,1,0,0,1,1,0,1,0,1,0,1,1,1,1,0,1,0,0,1,1,0,1
0,0,0,1,1,1,1,0,1,0,0,0,0,0,1,0,0,0,1,1,1,1,0,1,0,0,0,0,0,1
0,0,0,1,0,0,1,0,0,1,0,1,0,0,1,0,0,0,1,0,0,1,0,0,1,0,1,0,0,1
0,0,0,1,1,1,1,0,1,0,0,0,1,0,1,0,0,0,1,1,1,1,0,1,0,0,0,1,0,1
0,1,0,1,1,1,1,0,1,1,0,1,1,0,1,0,1,0,1,1,1,1,0,1,1,0,1,1,0,1
0,1,0,1,1,1,1,0,1,0,0,1,0,0,1,0,1,0,1,1,1,1,0,1,0,0,1,0,0,1
0,0,0,1,1,1,1,0,0,1,0,0,1,0,1,0,0,0,1,1,1,1,0,0,1,0,0,1,0,1
0,0,0,1,0,1,1,0,0,0,0,0,0,0,1,0,0,0,1,0,1,1,0,0,0,0,0,0,0,1
0,0,0,1,0,1,1,0,0,1,0,1,0,0,1,0,0,0,1,0,1,1,0,0,1,0,1,0,0,1
0,0,0,1,0,1,1,0,0,0,0,0,0,0,1,0,0,0,1,0,1,1,0,0,0,0,0,0,0,1
0,0,0,1,0,1,1,0,0,0,0,0,0,0,1,0,0,0,1,0,1,1,0,0,0,0,0,0,0,1
0,0,0,1,1,1,1,0,0,0,0,0,0,0,1,0,0,0,1,1,1,1,0,0,0,0,0,0,0,1
0,0,0,1,0,1,1,0,0,0,0,0,0,0,1,0,0,0,1,0,1,1,0,0,0,0,0,0,0,1
0,1,1,1,1,1,1,1,1,1,1,1,1,1,1,0,1,1,1,1,1,1,1,1,1,1,1,1,1,1
0,1,0,1,1,1,1,0,1,1,0,1,0,0,1,0,1,0,1,1,1,1,0,1,1,0,1,0,0,1
0,1,0,1,1,1,1,0,1,1,0,1,1,1,1,0,1,0,1,1,1,1,0,1,1,0,1,1,1,1
0,0,0,1,1,1,1,0,0,1,0,1,1,0,1,0,0,0,1,1,1,1,0,0,1,0,1,1,0,1
0,0,0,1,1,1,1,0,0,0,0,1,0,0,1,0,0,0,1,1,1,1,0,0,0,0,1,0,0,1
0,1,0,1,1,1,1,0,0,0,0,1,0,0,1,0,1,0,1,1,1,1,0,0,0,0,1,0,0,1
0,1,0,1,1,1,1,0,1,1,0,1,1,0,1,0,1,0,1,1,1,1,0,1,1,0,1,1,0,1
0,1,1,1,1,1,1,0,1,1,0,1,1,0,1,0,1,1,1,1,1,1,0,1,1,0,1,1,0,1
0,0,0,1,1,1,1,1,1,1,0,1,0,0,1,0,0,0,1,1,1,1,1,1,1,0,1,0,0,1
0,0,0,1,0,1,1,0,0,0,0,0,0,0,1,0,0,0,1,0,1,1,0,0,0,0,0,0,0,1
0,1,0,1,0,1,1,0,1,0,0,1,1,0,1,0,1,0,1,0,1,1,0,1,0,0,1,1,0,1
0,0,0,1,1,1,1,0,0,1,1,1,0,0,1,0,0,0,1,1,1,1,0,0,1,1,1,0,0,1
0,0,0,1,1,1,1,0,0,1,0,1,0,0,1,0,0,0,1,1,1,1,0,0,1,0,1,0,0,1
0,0,0,1,1,0,1,0,0,1,0,1,1,0,1,0,0,0,1,1,0,1,0,0,1,0,1,1,0,1
0,1,0,1,0,1,1,0,1,1,0,1,0,1,1,0,1,0,1,0,1,1,0,1,1,0,1,0,1,1
0,0,0,1,0,1,1,0,0,0,0,1,0,0,1,0,0,0,1,0,1,1,0,0,0,0,1,0,0,1
0,0,0,1,1,0,1,0,0,1,0,1,0,0,1,0,0,0,1,1,0,1,0,0,1,0,1,0,0,1
0,0,0,1,1,1,1,0,1,1,0,1,0,0,1,0,0,0,1,1,1,1,0,1,1,0,1,0,0,1
0,0,0,1,0,1,1,0,1,0,0,1,1,0,1,0,0,0,1,0,1,1,0,1,0,0,1,1,0,1
0,1,1,1,1,1,1,0,1,1,0,1,1,0,1,0,1,1,1,1,1,1,0,1,1,0,1,1,0,1
0,1,0,1,1,1,1,0,1,1,0,1,1,0,1,0,1,0,1,1,1,1,0,1,1,0,1,1,0,1
0,0,0,1,1,1,1,0,0,0,1,1,0,0,1,0,0,0,1,1,1,1,0,0,0,1,1,0,0,1
0,1,0,1,0,0,1,0,0,0,0,0,0,0,1,0,1,0,1,0,0,1,0,0,0,0,0,0,0,1
0,0,0,1,1,1,1,0,1,1,0,0,1,0,1,0,0,0,1,1,1,1,0,1,1,0,0,1,0,1
0,1,0,1,0,1,1,0,1,0,0,1,1,0,1,0,1,0,1,0,1,1,0,1,0,0,1,1,0,1
0,1,1,1,1,1,1,0,1,1,0,1,0,0,1,0,1,1,1,1,1,1,0,1,1,0,1,0,0,1
0,1,0,1,1,1,1,0,0,0,0,1,1,0,1,0,1,0,1,1,1,1,0,0,0,0,1,1,0,1
0,0,0,1,0,1,1,1,1,0,0,1,0,0,1,0,0,0,1,0,1,1,1,1,0,0,1,0,0,1
0,1,1,1,1,1,1,0,1,1,1,1,1,1,1,0,1,1,1,1,1,1,0,1,1,1,1,1,1,1
0,0,0,1,1,1,1,0,0,1,0,1,0,0,1,0,0,0,1,1,1,1,0,0,1,0,1,0,0,1
0,0,0,1,1,1,1,0,1,1,0,1,1,0,1,0,0,0,1,1,1,1,0,1,1,0,1,1,0,1
0,0,0,1,1,1,1,0,0,1,0,1,0,0,1,0,0,0,1,1,1,1,0,0,1,0,1,0,0,1
0,1,0,1,1,1,1,0,1,1,0,1,0,0,1,0,1,0,1,1,1,1,0,1,1,0,1,0,0,1
0,1,0,1,1,1,1,0,1,1,0,1,0,0,1,0,1,0,1,1,1,1,0,1,1,0,1,0,0,1
0,1,0,1,1,1,1,0,0,0,0,1,0,0,0,0,1,0,1,1,1,1,0,0,0,0,1,0,0,0
0,1,1,1,1,1,1,0,0,0,0,1,1,0,1,0,1,1,1,1,1,1,0,0,0,0,1,1,0,1
0,1,0,1,0,1,1,0,0,0,0,1,1,0,1,0,1,0,1,0,1,1,0,0,0,0,1,1,0,1
0,1,0,1,1,1,1,0,1,1,0,1,1,1,1,0,1,0,1,1,1,1,0,1,1,0,1,1,1,1
0,1,1,1,1,1,1,0,1,1,1,1,1,1,1,0,1,1,1,1,1,1,0,1,1,1,1,1,1,1
0,1,0,1,1,1,1,0,0,1,0,1,1,0,1,0,1,0,1,1,1,1,0,0,1,0,1,1,0,1
0,0,0,1,1,1,1,0,0,1,0,1,1,1,1,0,0,0,1,1,1,1,0,0,1,0,1,1,1,1
0,0,0,1,0,0,1,0,0,0,0,0,0,0,1,0,0,0,1,0,0,1,0,0,0,0,0,0,0,1
0,1,0,1,1,1,1,0,1,0,0,1,0,0,1,0,1,0,1,1,1,1,0,1,0,0,1,0,0,1
0,0,0,1,1,1,1,1,1,1,0,1,0,0,1,0,0,0,1,1,1,1,1,1,1,0,1,0,0,1
0,1,0,1,1,1,1,0,0,1,0,1,1,0,1,0,1,0,1,1,1,1,0,0,1,0,1,1,0,1
0,1,0,1,1,1,1,0,0,1,0,1,1,0,1,0,1,0,1,1,1,1,0,0,1,0,1,1,0,1
0,1,0,1,1,1,1,0,0,0,0,1,0,0,1,0,1,0,1,1,1,1,0,0,0,0,1,0,0,1
0,0,0,1,1,1,1,0,1,1,0,1,1,0,1,0,0,0,1,1,1,1,0,1,1,0,1,1,0,1
0,1,0,1,1,1,1,1,1,1,0,1,1,0,1,0,1,0,1,1,1,1,1,1,1,0,1,1,0,1
0,1,0,1,1,1,1,0,1,1,0,1,1,0,1,0,1,0,1,1,1,1,0,1,1,0,1,1,0,1
0,0,0,1,0,1,1,0,0,0,0,1,0,0,1,0,0,0,1,0,1,1,0,0,0,0,1,0,0,1
0,0,0,1,1,1,1,0,1,1,0,1,0,0,1,0,0,0,1,1,1,1,0,1,1,0,1,0,0,1
0,1,0,1,1,1,1,0,1,1,0,1,1,0,1,0,1,0,1,1,1,1,0,1,1,0,1,1,0,1
0,1,0,1,1,1,1,0,1,1,0,1,1,0,1,0,1,0,1,1,1,1,0,1,1,0,1,1,0,1
0,0,0,1,0,1,1,0,1,1,0,1,1,0,1,0,0,0,1,0,1,1,0,1,1,0,1,1,0,1
0,0,0,1,1,1,1,0,0,0,0,1,0,0,1,0,0,0,1,1,1,1,0,0,0,0,1,0,0,1
0,1,0,1,1,1,1,0,1,0,0,1,0,0,1,0,1,0,1,1,1,1,0,1,0,0,1,0,0,1
0,1,1,1,0,1,1,0,0,0,0,0,0,0,1,0,1,1,1,0,1,1,0,0,0,0,0,0,0,1
0,0,0,1,1,1,1,0,1,1,0,1,0,0,1,0,0,0,1,1,1,1,0,1,1,0,1,0,0,1
0,0,0,1,1,1,1,0,1,0,0,1,1,1,1,0,0,0,1,1,1,1,0,1,0,0,1,1,1,1
0,1,0,1,1,1,1,0,1,0,1,1,1,0,1,0,1,0,1,1,1,1,0,1,0,1,1,1,0,1
0,0,0,1,1,1,1,0,1,1,0,1,0,0,1,0,0,0,1,1,1,1,0,1,1,0,1,0,0,1
0,1,0,1,1,1,1,0,1,0,0,1,1,0,1,0,1,0,1,1,1,1,0,1,0,0,1,1,0,1
0,0,0,1,1,1,1,0,1,0,0,1,1,0,1,0,0,0,1,1,1,1,0,1,0,0,1,1,0,1
0,1,0,1,1,1,1,0,1,1,0,1,1,0,1,0,1,0,1,1,1,1,0,1,1,0,1,1,0,1
0,1,0,1,1,1,1,0,1,0,0,1,1,0,1,0,1,0,1,1,1,1,0,1,0,0,1,1,0,1
0,0,0,1,0,0,1,0,0,0,0,1,1,0,1,0,0,0,1,0,0,1,0,0,0,0,1,1,0,1
0,0,0,0,1,0,0,0,0,0,1,1,0,0,1,0,0,0,0,1,0,0,0,0,0,1,1,0,0,1
0,1,0,1,1,1,1,0,1,1,0,1,1,0,1,0,1,0,1,1,1,1,0,1,1,0,1,1,0,1
0,0,0,1,1,1,1,0,0,0,0,1,0,0,1,0,0,0,1,1,1,1,0,0,0,0,1,0,0,1
0,1,0,1,0,0,1,0,0,0,0,0,0,0,1,0,1,0,1,0,0,1,0,0,0,0,0,0,0,1
0,0,0,1,1,1,1,0,1,1,0,1,1,0,1,0,0,0,1,1,1,1,0,1,1,0,1,1,0,1
0,1,1,1,1,1,1,0,1,0,0,1,0,0,1,0,1,1,1,1,1,1,0,1,0,0,1,0,0,1
0,0,0,1,1,1,1,0,0,1,0,1,0,0,0,0,0,0,1,1,1,1,0,0,1,0,1,0,0,0
0,0,0,1,1,1,1,0,1,1,0,1,0,0,1,0,0,0,1,1,1,1,0,1,1,0,1,0,0,1
0,1,1,1,1,1,1,0,1,1,0,1,0,0,1,0,1,1,1,1,1,1,0,1,1,0,1,0,0,1
0,1,0,1,1,1,1,0,1,0,0,1,0,0,1,0,1,0,1,1,1,1,0,1,0,0,1,0,0,1
0,1,0,1,1,1,1,1,1,1,0,1,1,0,1,0,1,0,1,1,1,1,1,1,1,0,1,1,0,1
0,0,0,1,1,1,1,0,1,0,0,1,1,0,1,0,0,0,1,1,1,1,0,1,0,0,1,1,0,1
0,1,0,1,1,1,1,0,1,1,0,1,1,0,1,0,1,0,1,1,1,1,0,1,1,0,1,1,0,1
0,0,0,1,1,1,1,0,0,0,0,1,1,0,1,0,0,0,1,1,1,1,0,0,0,0,1,1,0,1
0,0,0,1,1,0,1,0,0,0,1,1,0,0,1,0,0,0,1,1,0,1,0,0,0,1,1,0,0,1
0,1,0,1,1,1,1,0,0,1,0,0,1,0,1,0,1,0,1,1,1,1,0,0,1,0,0,1,0,1
0,0,0,1,1,1,1,0,0,0,0,1,0,0,1,0,0,0,1,1,1,1,0,0,0,0,1,0,0,1
0,1,0,1,1,1,1,1,1,0,0,1,0,0,1,0,1,0,1,1,1,1,1,1,0,0,1,0,0,1
0,1,0,1,0,1,1,0,0,1,0,1,0,0,0,0,1,0,1,0,1,1,0,0,1,0,1,0,0,0
0,0,0,1,0,1,1,0,1,0,0,1,0,1,0,0,0,0,1,0,1,1,0,1,0,0,1,0,1,0
0,1,0,1,1,1,1,0,1,1,1,1,1,0,1,0,1,0,1,1,1,1,0,1,1,1,1,1,0,1
0,0,0,1,1,1,1,0,0,1,0,1,1,1,1,0,0,0,1,1,1,1,0,0,1,0,1,1,1,1
0,0,0,1,1,1,1,0,1,0,1,1,1,1,1,0,0,0,1,1,1,1,0,1,0,1,1,1,1,1
0,1,0,1,1,1,1,0,1,1,1,1,1,0,0,0,1,0,1,1,1,1,0,1,1,1,1,1,0,0
0,1,1,1,1,1,1,0,0,0,0,1,0,0,1,0,1,1,1,1,1,1,0,0,0,0,1,0,0,1
0,1,0,1,1,0,1,0,0,0,0,1,0,0,1,0,1,0,1,1,0,1,0,0,0,0,1,0,0,1
0,1,1,1,1,1,1,0,1,1,0,1,1,1,1,0,1,1,1,1,1,1,0,1,1,0,1,1,1,1
0,1,0,1,1,1,1,0,1,1,0,1,1,0,1,0,1,0,1,1,1,1,0,1,1,0,1,1,0,1
0,0,0,1,1,1,1,0,1,1,0,0,0,0,1,0,0,0,1,1,1,1,0,1,1,0,0,0,0,1
0,0,0,1,1,1,1,0,1,1,0,1,0,1,1,0,0,0,1,1,1,1,0,1,1,0,1,0,1,1
0,0,0,1,1,1,1,0,1,0,0,1,0,0,1,0,0,0,1,1,1,1,0,1,0,0,1,0,0,1
0,1,0,1,1,1,1,1,1,1,1,1,1,1,1,0,1,0,1,1,1,1,1,1,1,1,1,1,1,1
0,1,0,1,1,1,1,1,1,0,0,1,1,1,1,0,1,0,1,1,1,1,1,1,0,0,1,1,1,1
0,1,1,1,1,1,1,0,0,0,0,1,0,1,1,0,1,1,1,1,1,1,0,0,0,0,1,0,1,1
0,0,0,1,1,1,1,0,1,0,1,1,1,0,1,0,0,0,1,1,1,1,0,1,0,1,1,1,0,1
0,1,0,1,1,1,1,0,1,1,0,1,1,0,1,0,1,0,1,1,1,1,0,1,1,0,1,1,0,1
0,1,0,1,0,1,1,0,1,0,0,1,0,0,1,0,1,0,1,0,1,1,0,1,0,0,1,0,0,1
0,1,0,1,1,0,1,0,0,1,0,1,0,0,1,0,1,0,1,1,0,1,0,0,1,0,1,0,0,1
0,1,0,1,1,1,1,0,0,0,0,1,1,1,1,0,1,0,1,1,1,1,0,0,0,0,1,1,1,1
0,0,0,1,1,1,1,1,1,0,0,1,1,1,1,0,0,0,1,1,1,1,1,1,0,0,1,1,1,1
0,0,0,1,1,1,1,0,1,1,1,1,0,0,1,0,0,0,1,1,1,1,0,1,1,1,1,0,0,1
0,1,0,1,1,1,1,0,1,1,1,1,0,0,1,0,1,0,1,1,1,1,0,1,1,1,1,0,0,1
0,1,0,1,1,1,1,1,1,1,1,1,1,1,1,0,1,0,1,1,1,1,1,1,1,1,1,1,1,1
0,0,0,1,1,1,1,0,0,1,0,1,1,0,1,0,0,0,1,1,1,1,0,0,1,0,1,1,0,1
0,0,0,1,1,1,1,0,1,1,0,1,1,0,1,0,0,0,1,1,1,1,0,1,1,0,1,1,0,1
0,1,1,1,1,1,1,0,1,1,0,1,0,0,1,0,1,1,1,1,1,1,0,1,1,0,1,0,0,1
0,0,0,1,1,1,1,0,1,1,0,1,0,0,1,0,0,0,1,1,1,1,0,1,1,0,1,0,0,1
0,0,0,1,0,1,1,0,0,0,0,0,0,0,1,0,0,0,1,0,1,1,0,0,0,0,0,0,0,1
0,0,0,1,1,1,1,0,0,1,0,0,1,1,1,0,0,0,1,1,1,1,0,0,1,0,0,1,1,1
0,1,0,1,0,1,1,0,1,1,0,1,1,0,1,0,1,0,1,0,1,1,0,1,1,0,1,1,0,1
0,0,0,1,1,1,1,0,0,1,0,0,0,0,1,0,0,0,1,1,1,1,0,0,1,0,0,0,0,1
0,1,0,1,1,1,1,0,1,1,0,1,1,0,1,0,1,0,1,1,1,1,0,1,1,0,1,1,0,1
0,1,0,1,1,1,1,0,0,1,0,0,0,0,1,0,1,0,1,1,1,1,0,0,1,0,0,0,0,1
0,1,0,1,1,1,1,0,1,1,1,1,0,0,1,0,1,0,1,1,1,1,0,1,1,1,1,0,0,1
0,0,0,1,1,1,1,0,1,0,0,1,0,0,1,0,0,0,1,1,1,1,0,1,0,0,1,0,0,1
0,0,0,1,1,1,1,0,1,0,0,1,1,0,1,0,0,0,1,1,1,1,0,1,0,0,1,1,0,1
0,1,1,1,1,1,1,0,1,1,0,1,1,0,1,0,1,1,1,1,1,1,0,1,1,0,1,1,0,1
0,0,0,1,0,1,1,0,0,1,0,1,0,0,1,0,0,0,1,0,1,1,0,0,1,0,1,0,0,1
0,1,0,1,1,0,1,0,0,0,0,0,1,0,1,0,1,0,1,1,0,1,0,0,0,0,0,1,0,1
0,1,1,1,1,1,1,0,1,1,1,1,1,0,1,0,1,1,1,1,1,1,0,1,1,1,1,1,0,1
0,1,0,1,1,1,1,0,1,0,0,1,0,0,1,0,1,0,1,1,1,1,0,1,0,0,1,0,0,1
0,0,0,1,1,1,0,0,0,0,0,1,0,0,1,0,0,0,1,1,1,0,0,0,0,0,1,0,0,1
0,1,0,1,1,0,1,0,0,0,0,1,0,0,1,0,1,0,1,1,0,1,0,0,0,0,1,0,0,1
0,0,0,1,1,1,1,0,1,1,0,1,0,0,1,0,0,0,1,1,1,1,0,1,1,0,1,0,0,1
0,1,0,1,1,1,1,0,1,0,0,1,0,0,0,0,1,0,1,1,1,1,0,1,0,0,1,0,0,0
0,1,1,1,1,1,1,0,0,1,0,1,1,1,1,0,1,1,1,1,1,1,0,0,1,0,1,1,1,1
0,0,0,1,0,1,1,0,1,0,0,1,0,0,1,0,0,0,1,0,1,1,0,1,0,0,1,0,0,1
0,0,0,1,1,0,1,0,1,0,0,1,0,0,1,0,0,0,1,1,0,1,0,1,0,0,1,0,0,1
0,1,0,1,1,1,1,0,0,1,0,1,1,0,1,0,1,0,1,1,1,1,0,0,1,0,1,1,0,1
0,1,0,1,1,1,1,0,1,1,0,1,0,0,1,0,1,0,1,1,1,1,0,1,1,0,1,0,0,1
0,1,0,1,1,0,1,0,1,1,0,1,0,0,1,0,1,0,1,1,0,1,0,1,1,0,1,0,0,1
0,1,0,1,1,1,1,0,0,0,0,1,0,0,1,0,1,0,1,1,1,1,0,0,0,0,1,0,0,1
0,0,0,1,1,1,1,0,1,1,0,1,1,1,1,0,0,0,1,1,1,1,0,1,1,0,1,1,1,1
0,1,1,1,1,1,1,0,1,1,0,1,1,0,1,0,1,1,1,1,1,1,0,1,1,0,1,1,0,1
0,0,0,1,1,1,1,0,1,0,0,1,0,1,1,0,0,0,1,1,1,1,0,1,0,0,1,0,1,1
0,0,0,0,0,0,0,0,0,0,0,0,0,0,0,0,0,0,0,0,0,0,0,0,0,0,0,0,0,0
0,0,0,0,0,0,0,0,0,0,0,0,0,0,0,0,0,0,0,0,0,0,0,0,0,0,0,0,0,0
0,0,0,0,0,0,0,0,0,0,0,0,0,0,0,0,0,0,0,0,0,0,0,0,0,0,0,0,0,0
0,1,0,1,1,1,1,0,1,0,0,1,1,0,1,0,1,0,1,1,1,1,0,1,0,0,1,1,0,1
0,0,0,1,1,1,1,0,1,0,1,1,1,0,0,0,0,0,1,1,1,1,0,1,0,1,1,1,0,0
0,1,0,1,1,0,1,0,0,0,0,1,0,0,1,0,1,0,1,1,0,1,0,0,0,0,1,0,0,1
0,1,0,1,1,1,1,0,1,1,0,1,0,0,1,0,1,0,1,1,1,1,0,1,1,0,1,0,0,1
0,1,0,1,1,0,1,0,0,0,0,1,0,0,1,0,1,0,1,1,0,1,0,0,0,0,1,0,0,1
0,1,0,1,1,1,1,0,0,1,0,1,0,0,1,0,1,0,1,1,1,1,0,0,1,0,1,0,0,1
0,1,0,1,1,0,1,0,1,1,0,1,0,1,1,0,1,0,1,1,0,1,0,1,1,0,1,0,1,1
0,1,0,1,1,0,1,0,0,0,0,1,0,0,1,0,1,0,1,1,0,1,0,0,0,0,1,0,0,1
0,1,1,1,1,1,1,0,1,1,1,1,1,0,1,0,1,1,1,1,1,1,0,1,1,1,1,1,0,1
0,1,0,1,1,1,1,0,1,0,0,0,0,0,1,0,1,0,1,1,1,1,0,1,0,0,0,0,0,1
0,1,0,1,1,1,1,0,1,1,0,1,1,1,1,0,1,0,1,1,1,1,0,1,1,0,1,1,1,1
0,1,0,1,1,1,1,0,1,0,0,1,0,0,1,0,1,0,1,1,1,1,0,1,0,0,1,0,0,1
0,0,0,1,1,1,1,0,1,1,0,1,0,0,1,0,0,0,1,1,1,1,0,1,1,0,1,0,0,1
0,1,0,1,0,1,1,0,0,1,0,0,0,0,1,0,1,0,1,0,1,1,0,0,1,0,0,0,0,1
0,1,0,1,0,1,1,0,0,0,0,1,0,0,1,0,1,0,1,0,1,1,0,0,0,0,1,0,0,1
0,1,0,1,1,1,1,0,1,1,0,1,1,0,1,0,1,0,1,1,1,1,0,1,1,0,1,1,0,1
0,1,1,1,0,1,1,0,1,0,0,1,0,0,1,0,1,1,1,0,1,1,0,1,0,0,1,0,0,1
0,0,0,1,1,1,1,0,1,1,1,1,1,1,1,0,0,0,1,1,1,1,0,1,1,1,1,1,1,1
0,1,1,1,1,1,1,0,0,1,0,1,0,0,1,0,1,1,1,1,1,1,0,0,1,0,1,0,0,1
0,1,0,1,1,1,1,0,0,0,0,1,0,0,0,0,1,0,1,1,1,1,0,0,0,0,1,0,0,0
0,1,0,1,1,0,1,1,0,0,1,1,0,0,1,0,1,0,1,1,0,1,1,0,0,1,1,0,0,1
0,1,0,1,1,1,1,0,1,0,0,1,0,0,1,0,1,0,1,1,1,1,0,1,0,0,1,0,0,1
0,1,0,1,1,1,1,0,0,1,0,1,1,0,1,0,1,0,1,1,1,1,0,0,1,0,1,1,0,1
0,1,0,1,1,1,1,0,1,1,0,1,1,0,1,0,1,0,1,1,1,1,0,1,1,0,1,1,0,1
0,0,0,1,1,1,1,0,1,0,0,0,0,1,1,0,0,0,1,1,1,1,0,1,0,0,0,0,1,1
0,1,1,1,1,1,1,1,1,1,0,1,0,1,1,0,1,1,1,1,1,1,1,1,1,0,1,0,1,1
0,0,0,1,1,1,1,0,0,0,0,1,0,0,1,0,0,0,1,1,1,1,0,0,0,0,1,0,0,1
0,1,0,1,1,1,1,0,0,1,0,1,0,0,1,0,1,0,1,1,1,1,0,0,1,0,1,0,0,1
0,1,0,1,0,1,1,1,1,1,0,0,0,0,1,0,1,0,1,0,1,1,1,1,1,0,0,0,0,1
0,1,0,1,1,1,1,0,1,1,0,1,1,0,1,0,1,0,1,1,1,1,0,1,1,0,1,1,0,1
0,1,0,1,1,0,1,0,0,0,0,1,1,0,1,0,1,0,1,1,0,1,0,0,0,0,1,1,0,1
0,0,0,1,1,1,1,0,1,1,1,1,1,1,1,0,0,0,1,1,1,1,0,1,1,1,1,1,1,1
0,1,1,1,1,1,1,0,1,0,1,1,1,1,1,0,1,1,1,1,1,1,0,1,0,1,1,1,1,1
0,0,0,1,1,1,1,0,0,1,0,1,0,1,1,0,0,0,1,1,1,1,0,0,1,0,1,0,1,1
0,1,0,1,1,0,1,0,0,0,1,1,0,0,1,0,1,0,1,1,0,1,0,0,0,1,1,0,0,1
0,0,0,1,1,0,1,0,0,0,0,1,0,0,1,0,0,0,1,1,0,1,0,0,0,0,1,0,0,1
0,1,0,1,1,0,1,0,1,0,0,1,0,0,1,0,1,0,1,1,0,1,0,1,0,0,1,0,0,1
0,1,0,1,1,1,1,0,0,0,1,1,0,0,1,0,1,0,1,1,1,1,0,0,0,1,1,0,0,1
0,1,0,1,1,0,1,0,0,0,0,1,0,0,1,0,1,0,1,1,0,1,0,0,0,0,1,0,0,1
0,0,0,1,1,1,1,1,1,1,0,1,1,0,1,0,0,0,1,1,1,1,1,1,1,0,1,1,0,1
0,1,0,1,1,1,1,0,1,1,0,1,1,1,1,0,1,0,1,1,1,1,0,1,1,0,1,1,1,1
0,1,0,1,1,0,1,0,0,0,0,1,0,0,1,0,1,0,1,1,0,1,0,0,0,0,1,0,0,1
0,1,0,1,1,0,1,0,0,0,0,1,0,0,1,0,1,0,1,1,0,1,0,0,0,0,1,0,0,1
0,1,0,1,1,1,1,0,0,1,0,1,1,1,1,0,1,0,1,1,1,1,0,0,1,0,1,1,1,1
0,1,0,1,1,1,1,0,1,1,0,1,0,0,1,0,1,0,1,1,1,1,0,1,1,0,1,0,0,1
0,1,0,1,1,0,1,0,1,0,0,1,1,0,1,0,1,0,1,1,0,1,0,1,0,0,1,1,0,1
0,1,0,1,1,1,1,0,1,1,0,1,1,0,1,0,1,0,1,1,1,1,0,1,1,0,1,1,0,1
0,1,0,1,1,1,1,0,1,0,0,1,0,0,1,0,1,0,1,1,1,1,0,1,0,0,1,0,0,1
0,1,0,1,1,1,1,0,0,0,0,1,1,1,1,0,1,0,1,1,1,1,0,0,0,0,1,1,1,1
0,1,0,1,1,1,1,1,1,1,0,1,1,0,1,0,1,0,1,1,1,1,1,1,1,0,1,1,0,1
0,0,0,1,1,1,1,0,1,1,0,1,0,0,1,0,0,0,1,1,1,1,0,1,1,0,1,0,0,1
0,1,0,1,1,1,1,0,0,0,0,1,0,0,1,0,1,0,1,1,1,1,0,0,0,0,1,0,0,1
0,1,0,1,0,0,1,0,0,0,0,1,0,0,1,0,1,0,1,0,0,1,0,0,0,0,1,0,0,1
0,0,0,1,1,1,1,0,0,0,0,1,0,0,1,0,0,0,1,1,1,1,0,0,0,0,1,0,0,1
0,0,0,1,1,1,1,0,1,1,0,1,1,0,0,0,0,0,1,1,1,1,0,1,1,0,1,1,0,0
0,0,1,1,0,1,1,0,0,1,1,1,0,0,1,0,0,1,1,0,1,1,0,0,1,1,1,0,0,1
0,1,0,1,1,1,1,1,1,0,1,1,1,1,1,0,1,0,1,1,1,1,1,1,0,1,1,1,1,1
0,0,0,1,1,1,1,0,1,1,0,1,1,0,0,0,0,0,1,1,1,1,0,1,1,0,1,1,0,0
0,0,0,1,1,1,1,0,0,0,1,1,1,0,0,0,0,0,1,1,1,1,0,0,0,1,1,1,0,0
0,0,0,1,1,1,1,0,0,0,0,0,1,0,1,0,0,0,1,1,1,1,0,0,0,0,0,1,0,1
0,0,0,1,1,1,1,0,1,0,0,1,0,0,1,0,0,0,1,1,1,1,0,1,0,0,1,0,0,1
0,1,0,1,1,1,1,0,1,1,0,1,0,0,1,0,1,0,1,1,1,1,0,1,1,0,1,0,0,1
0,1,1,1,1,1,1,0,1,1,0,1,1,0,1,0,1,1,1,1,1,1,0,1,1,0,1,1,0,1
0,1,0,1,0,1,1,0,1,0,0,1,0,0,0,0,1,0,1,0,1,1,0,1,0,0,1,0,0,0
0,1,0,1,1,0,1,0,0,0,0,1,0,0,1,0,1,0,1,1,0,1,0,0,0,0,1,0,0,1
0,1,0,1,1,1,1,0,1,0,1,1,0,0,1,0,1,0,1,1,1,1,0,1,0,1,1,0,0,1
0,1,0,1,1,1,1,0,1,1,0,1,0,0,1,0,1,0,1,1,1,1,0,1,1,0,1,0,0,1
0,1,1,1,1,1,1,0,1,1,0,1,0,0,1,0,1,1,1,1,1,1,0,1,1,0,1,0,0,1
0,1,0,1,0,1,1,0,1,0,0,1,0,0,1,0,1,0,1,0,1,1,0,1,0,0,1,0,0,1
0,1,0,1,1,1,1,1,0,1,0,1,0,0,1,0,1,0,1,1,1,1,1,0,1,0,1,0,0,1
0,1,0,1,1,1,1,0,1,1,0,1,1,1,1,0,1,0,1,1,1,1,0,1,1,0,1,1,1,1
0,0,0,1,1,1,1,0,0,1,1,1,0,0,1,0,0,0,1,1,1,1,0,0,1,1,1,0,0,1
0,1,0,1,0,1,1,0,0,0,0,1,0,0,1,0,1,0,1,0,1,1,0,0,0,0,1,0,0,1
0,1,0,1,1,1,1,0,1,1,0,1,0,0,1,0,1,0,1,1,1,1,0,1,1,0,1,0,0,1
0,0,0,1,1,1,1,0,0,1,0,1,1,1,1,0,0,0,1,1,1,1,0,0,1,0,1,1,1,1
0,0,0,1,1,1,1,0,1,1,0,1,0,0,0,0,0,0,1,1,1,1,0,1,1,0,1,0,0,0
0,0,0,1,1,1,1,0,0,1,1,1,0,0,1,0,0,0,1,1,1,1,0,0,1,1,1,0,0,1
0,0,0,1,1,1,1,0,1,1,1,1,0,0,1,0,0,0,1,1,1,1,0,1,1,1,1,0,0,1
0,0,0,1,1,1,1,0,0,0,1,1,1,0,1,0,0,0,1,1,1,1,0,0,0,1,1,1,0,1
0,1,0,1,1,1,1,0,1,0,0,1,1,0,1,0,1,0,1,1,1,1,0,1,0,0,1,1,0,1
0,1,0,1,1,1,1,0,1,0,0,1,0,1,1,0,1,0,1,1,1,1,0,1,0,0,1,0,1,1
0,1,0,1,0,1,1,0,1,0,0,0,0,0,1,0,1,0,1,0,1,1,0,1,0,0,0,0,0,1
0,0,0,1,1,1,1,0,1,1,0,1,1,0,1,0,0,0,1,1,1,1,0,1,1,0,1,1,0,1
0,1,0,1,1,1,1,0,1,1,0,1,1,0,1,0,1,0,1,1,1,1,0,1,1,0,1,1,0,1
0,1,0,1,1,1,1,0,1,1,0,1,1,1,1,0,1,0,1,1,1,1,0,1,1,0,1,1,1,1
0,1,0,1,1,1,1,0,0,1,0,1,0,0,1,0,1,0,1,1,1,1,0,0,1,0,1,0,0,1
0,1,0,1,0,0,1,0,0,1,0,0,0,0,1,0,1,0,1,0,0,1,0,0,1,0,0,0,0,1
0,1,1,1,1,1,1,0,1,1,0,1,0,0,1,0,1,1,1,1,1,1,0,1,1,0,1,0,0,1
0,1,1,1,1,1,1,0,0,0,0,1,1,0,1,0,1,1,1,1,1,1,0,0,0,0,1,1,0,1
0,0,0,1,0,1,1,0,1,1,0,1,1,0,1,0,0,0,1,0,1,1,0,1,1,0,1,1,0,1
0,1,1,1,1,1,1,0,1,1,0,1,1,1,1,0,1,1,1,1,1,1,0,1,1,0,1,1,1,1
0,0,0,1,1,0,1,0,0,0,0,1,0,0,1,0,0,0,1,1,0,1,0,0,0,0,1,0,0,1
0,0,0,1,0,1,1,0,0,0,0,1,0,0,1,0,0,0,1,0,1,1,0,0,0,0,1,0,0,1
0,1,0,1,0,1,1,0,0,1,0,0,0,0,1,0,1,0,1,0,1,1,0,0,1,0,0,0,0,1
0,0,0,1,1,1,1,0,1,1,0,1,1,1,1,0,0,0,1,1,1,1,0,1,1,0,1,1,1,1
0,1,0,1,1,0,1,0,0,0,1,1,0,0,1,0,1,0,1,1,0,1,0,0,0,1,1,0,0,1
0,0,0,1,1,1,1,0,0,0,0,1,0,0,1,0,0,0,1,1,1,1,0,0,0,0,1,0,0,1
0,0,0,0,0,0,0,0,1,1,1,1,0,0,0,0,0,0,0,0,0,0,0,1,1,1,1,0,0,0
0,0,0,1,1,1,1,0,1,0,0,1,0,0,1,0,0,0,1,1,1,1,0,1,0,0,1,0,0,1
0,0,0,1,1,1,1,0,1,1,0,1,1,1,1,0,0,0,1,1,1,1,0,1,1,0,1,1,1,1
0,1,0,1,1,1,1,0,1,0,1,1,0,0,1,0,1,0,1,1,1,1,0,1,0,1,1,0,0,1
0,0,0,1,0,1,1,0,1,0,0,1,0,1,1,0,0,0,1,0,1,1,0,1,0,0,1,0,1,1
0,1,0,1,1,0,1,0,0,1,0,0,0,0,1,0,1,0,1,1,0,1,0,0,1,0,0,0,0,1
0,1,0,1,1,1,1,0,1,1,0,1,0,0,1,0,1,0,1,1,1,1,0,1,1,0,1,0,0,1
0,1,0,1,0,0,1,0,0,1,0,1,0,0,1,0,1,0,1,0,0,1,0,0,1,0,1,0,0,1
0,1,0,1,1,1,1,0,1,1,0,1,0,0,1,0,1,0,1,1,1,1,0,1,1,0,1,0,0,1
0,1,0,1,1,1,1,0,1,1,0,1,1,0,1,0,1,0,1,1,1,1,0,1,1,0,1,1,0,1
0,0,0,1,1,1,1,0,1,1,0,1,0,0,0,0,0,0,1,1,1,1,0,1,1,0,1,0,0,0
0,1,0,1,0,1,1,0,1,1,0,1,0,0,1,0,1,0,1,0,1,1,0,1,1,0,1,0,0,1
0,1,0,1,1,1,1,0,1,1,0,1,1,1,1,0,1,0,1,1,1,1,0,1,1,0,1,1,1,1
0,1,0,1,1,1,1,0,1,1,1,1,0,0,1,0,1,0,1,1,1,1,0,1,1,1,1,0,0,1
0,1,0,1,0,1,1,0,1,1,0,1,0,0,1,0,1,0,1,0,1,1,0,1,1,0,1,0,0,1
0,1,0,1,1,1,1,0,1,1,0,1,0,0,1,0,1,0,1,1,1,1,0,1,1,0,1,0,0,1
0,1,0,1,1,1,1,0,1,1,0,1,1,0,1,0,1,0,1,1,1,1,0,1,1,0,1,1,0,1
0,0,0,1,0,1,1,0,0,0,0,1,1,0,1,0,0,0,1,0,1,1,0,0,0,0,1,1,0,1
0,1,0,1,1,1,1,1,0,1,0,1,1,0,1,0,1,0,1,1,1,1,1,0,1,0,1,1,0,1
0,1,0,1,1,1,1,0,1,1,0,1,0,0,1,0,1,0,1,1,1,1,0,1,1,0,1,0,0,1
0,1,0,1,1,1,1,0,0,1,1,1,0,0,1,0,1,0,1,1,1,1,0,0,1,1,1,0,0,1
0,1,0,1,1,1,1,0,1,1,0,1,0,0,1,0,1,0,1,1,1,1,0,1,1,0,1,0,0,1
0,1,0,1,1,1,1,0,1,1,0,1,0,0,1,0,1,0,1,1,1,1,0,1,1,0,1,0,0,1
0,0,0,1,1,1,1,0,1,1,0,1,1,0,1,0,0,0,1,1,1,1,0,1,1,0,1,1,0,1
0,1,0,1,1,1,1,0,1,0,0,1,1,1,1,0,1,0,1,1,1,1,0,1,0,0,1,1,1,1
0,0,0,1,1,1,1,0,1,1,0,1,1,1,1,0,0,0,1,1,1,1,0,1,1,0,1,1,1,1
0,1,0,1,1,1,1,0,0,1,0,1,0,1,1,0,1,0,1,1,1,1,0,0,1,0,1,0,1,1
0,1,0,1,1,1,1,0,0,0,0,0,0,0,1,0,1,0,1,1,1,1,0,0,0,0,0,0,0,1
0,1,0,1,0,0,1,0,0,0,0,1,1,0,1,0,1,0,1,0,0,1,0,0,0,0,1,1,0,1
0,1,0,1,1,1,1,0,1,1,0,1,1,1,1,0,1,0,1,1,1,1,0,1,1,0,1,1,1,1
0,1,1,1,1,1,1,0,1,1,1,1,0,0,1,0,1,1,1,1,1,1,0,1,1,1,1,0,0,1
0,1,0,1,1,1,1,0,1,1,0,1,0,0,1,0,1,0,1,1,1,1,0,1,1,0,1,0,0,1
0,1,0,1,1,1,1,0,0,0,0,0,0,1,1,0,1,0,1,1,1,1,0,0,0,0,0,0,1,1
0,0,0,1,1,1,1,1,1,1,0,1,1,0,1,0,0,0,1,1,1,1,1,1,1,0,1,1,0,1
0,0,0,1,1,1,1,0,1,1,1,1,0,0,1,0,0,0,1,1,1,1,0,1,1,1,1,0,0,1
0,0,0,1,1,1,1,0,1,1,1,1,1,0,0,0,0,0,1,1,1,1,0,1,1,1,1,1,0,0
0,0,0,0,1,1,1,0,0,1,1,1,1,0,0,0,0,0,0,1,1,1,0,0,1,1,1,1,0,0
0,0,0,1,1,1,1,0,1,0,0,1,1,0,0,0,0,0,1,1,1,1,0,1,0,0,1,1,0,0
0,0,0,1,1,1,1,0,1,1,0,1,1,0,1,0,0,0,1,1,1,1,0,1,1,0,1,1,0,1
0,0,0,1,0,1,1,0,1,1,0,1,1,0,0,0,0,0,1,0,1,1,0,1,1,0,1,1,0,0
0,1,0,1,1,1,1,0,0,1,0,1,0,0,1,0,1,0,1,1,1,1,0,0,1,0,1,0,0,1
0,0,0,1,1,1,1,0,1,1,0,1,0,0,0,0,0,0,1,1,1,1,0,1,1,0,1,0,0,0
0,1,0,1,1,1,1,0,1,0,1,1,0,1,1,0,1,0,1,1,1,1,0,1,0,1,1,0,1,1
0,1,1,1,1,1,1,0,1,1,1,1,1,1,1,0,1,1,1,1,1,1,0,1,1,1,1,1,1,1
0,0,0,1,1,1,1,0,1,1,0,1,1,0,1,0,0,0,1,1,1,1,0,1,1,0,1,1,0,1
0,0,0,1,1,1,1,1,1,1,1,1,1,0,1,0,0,0,1,1,1,1,1,1,1,1,1,1,0,1
0,1,0,1,1,1,1,0,1,1,0,1,0,0,1,0,1,0,1,1,1,1,0,1,1,0,1,0,0,1
0,1,0,1,0,1,1,0,0,0,0,1,0,0,0,0,1,0,1,0,1,1,0,0,0,0,1,0,0,0
0,1,0,1,1,1,1,0,1,0,0,1,1,0,1,0,1,0,1,1,1,1,0,1,0,0,1,1,0,1
0,1,0,1,1,1,1,1,1,1,0,1,1,1,1,0,1,0,1,1,1,1,1,1,1,0,1,1,1,1
0,0,0,0,0,0,0,0,0,0,0,0,0,0,0,0,0,0,0,0,0,0,0,0,0,0,0,0,0,0
0,0,0,1,1,1,1,0,1,1,0,1,0,0,1,0,0,0,1,1,1,1,0,1,1,0,1,0,0,1
0,1,1,1,1,1,1,0,1,0,0,1,1,0,1,0,1,1,1,1,1,1,0,1,0,0,1,1,0,1
0,1,0,1,1,1,1,0,0,1,0,1,1,0,1,0,1,0,1,1,1,1,0,0,1,0,1,1,0,1
0,1,0,1,1,1,1,0,0,1,0,1,1,1,1,0,1,0,1,1,1,1,0,0,1,0,1,1,1,1
0,1,1,1,1,1,1,0,1,1,1,1,1,0,1,0,1,1,1,1,1,1,0,1,1,1,1,1,0,1
0,1,1,1,1,1,1,0,1,1,0,1,1,0,1,0,1,1,1,1,1,1,0,1,1,0,1,1,0,1
0,0,0,0,1,1,1,0,0,0,0,1,0,0,0,0,0,0,0,1,1,1,0,0,0,0,1,0,0,0
0,1,0,1,1,1,1,0,0,0,0,1,0,0,1,0,1,0,1,1,1,1,0,0,0,0,1,0,0,1
0,1,0,1,1,1,1,0,1,0,0,1,0,0,1,0,1,0,1,1,1,1,0,1,0,0,1,0,0,1
1,1,0,1,1,1,1,0,1,1,0,0,1,0,1,1,1,0,1,1,1,1,0,1,1,0,0,1,0,1
0,1,0,1,1,1,1,0,0,0,0,1,1,0,1,0,1,0,1,1,1,1,0,0,0,0,1,1,0,1
0,0,0,1,1,1,1,0,1,1,0,0,0,0,1,0,0,0,1,1,1,1,0,1,1,0,0,0,0,1
0,1,0,1,1,1,1,0,1,0,0,1,1,0,1,0,1,0,1,1,1,1,0,1,0,0,1,1,0,1
0,1,0,1,1,1,1,0,1,1,0,1,0,1,1,0,1,0,1,1,1,1,0,1,1,0,1,0,1,1
0,1,0,1,1,1,1,1,1,1,0,1,0,1,1,0,1,0,1,1,1,1,1,1,1,0,1,0,1,1
0,1,0,1,1,1,1,0,1,1,0,1,0,0,1,0,1,0,1,1,1,1,0,1,1,0,1,0,0,1
0,1,0,1,0,1,1,0,0,0,0,1,0,0,1,0,1,0,1,0,1,1,0,0,0,0,1,0,0,1
0,0,0,0,1,1,1,0,0,0,0,0,1,0,0,0,0,0,0,1,1,1,0,0,0,0,0,1,0,0
0,0,0,1,1,1,1,0,1,1,1,1,1,0,1,0,0,0,1,1,1,1,0,1,1,1,1,1,0,1
0,0,0,1,1,1,1,0,1,1,0,1,1,0,1,0,0,0,1,1,1,1,0,1,1,0,1,1,0,1
0,1,1,1,1,1,1,0,0,1,0,1,1,0,1,0,1,1,1,1,1,1,0,0,1,0,1,1,0,1
0,1,0,1,1,0,1,0,1,0,0,1,0,0,1,0,1,0,1,1,0,1,0,1,0,0,1,0,0,1
0,1,0,1,1,1,1,0,0,0,0,1,0,0,1,0,1,0,1,1,1,1,0,0,0,0,1,0,0,1
0,0,0,1,1,1,1,0,1,0,0,1,1,0,0,0,0,0,1,1,1,1,0,1,0,0,1,1,0,0
0,1,0,1,1,1,1,0,1,0,1,1,0,0,1,0,1,0,1,1,1,1,0,1,0,1,1,0,0,1
0,1,0,1,1,1,1,0,0,1,0,1,0,0,0,0,1,0,1,1,1,1,0,0,1,0,1,0,0,0
0,1,0,1,1,1,1,0,0,1,0,1,1,0,1,0,1,0,1,1,1,1,0,0,1,0,1,1,0,1
0,1,1,1,1,1,1,0,1,0,0,1,1,0,1,0,1,1,1,1,1,1,0,1,0,0,1,1,0,1
0,1,0,1,1,1,1,0,0,0,0,1,0,0,1,0,1,0,1,1,1,1,0,0,0,0,1,0,0,1
0,0,0,1,1,0,0,0,0,0,0,0,0,0,1,0,0,0,1,1,0,0,0,0,0,0,0,0,0,1
0,0,0,1,1,1,1,1,1,1,0,1,1,0,1,0,0,0,1,1,1,1,1,1,1,0,1,1,0,1
0,0,0,1,1,1,1,1,1,1,0,0,0,1,1,0,0,0,1,1,1,1,1,1,1,0,0,0,1,1
0,0,0,1,1,1,1,0,0,0,0,1,0,0,1,0,0,0,1,1,1,1,0,0,0,0,1,0,0,1
0,0,0,1,0,1,1,0,0,0,0,1,0,0,1,0,0,0,1,0,1,1,0,0,0,0,1,0,0,1
0,0,0,1,1,1,1,0,0,0,0,1,0,0,1,0,0,0,1,1,1,1,0,0,0,0,1,0,0,1
0,1,0,1,1,1,1,0,0,0,0,1,1,0,1,0,1,0,1,1,1,1,0,0,0,0,1,1,0,1
0,0,0,1,1,1,1,0,1,1,0,1,1,0,1,0,0,0,1,1,1,1,0,1,1,0,1,1,0,1
0,1,0,1,1,1,1,0,1,0,1,1,0,0,1,0,1,0,1,1,1,1,0,1,0,1,1,0,0,1
0,1,0,1,1,1,1,0,1,0,1,1,1,0,1,0,1,0,1,1,1,1,0,1,0,1,1,1,0,1
0,1,0,1,0,1,1,0,0,0,0,1,0,1,1,0,1,0,1,0,1,1,0,0,0,0,1,0,1,1
0,0,0,1,1,1,1,0,1,1,0,1,1,1,1,0,0,0,1,1,1,1,0,1,1,0,1,1,1,1
0,1,0,1,0,0,1,0,0,0,0,1,0,0,0,0,1,0,1,0,0,1,0,0,0,0,1,0,0,0
0,1,0,1,1,1,1,0,1,1,0,1,1,1,1,0,1,0,1,1,1,1,0,1,1,0,1,1,1,1
0,1,0,1,1,1,1,0,0,0,0,1,0,0,1,0,1,0,1,1,1,1,0,0,0,0,1,0,0,1
0,0,0,1,1,1,1,1,1,1,0,1,1,0,1,0,0,0,1,1,1,1,1,1,1,0,1,1,0,1
0,1,0,1,1,1,1,0,1,1,0,1,0,0,1,0,1,0,1,1,1,1,0,1,1,0,1,0,0,1
0,1,0,1,1,1,1,0,1,0,0,1,0,0,1,0,1,0,1,1,1,1,0,1,0,0,1,0,0,1
0,1,0,1,1,1,1,0,1,0,0,1,0,0,1,0,1,0,1,1,1,1,0,1,0,0,1,0,0,1
0,1,0,1,1,1,1,0,0,0,0,1,0,0,1,0,1,0,1,1,1,1,0,0,0,0,1,0,0,1
0,1,0,1,1,1,1,0,1,1,0,1,1,0,1,0,1,0,1,1,1,1,0,1,1,0,1,1,0,1
0,1,0,1,1,1,1,0,0,1,0,1,0,1,1,0,1,0,1,1,1,1,0,0,1,0,1,0,1,1
0,1,1,1,1,1,1,0,1,1,1,1,0,1,1,0,1,1,1,1,1,1,0,1,1,1,1,0,1,1
0,1,0,1,1,1,1,0,1,0,0,0,0,1,1,0,1,0,1,1,1,1,0,1,0,0,0,0,1,1
0,0,0,1,1,1,1,0,1,1,1,1,1,0,1,0,0,0,1,1,1,1,0,1,1,1,1,1,0,1
0,0,0,1,1,1,1,0,1,1,0,1,0,0,1,0,0,0,1,1,1,1,0,1,1,0,1,0,0,1
0,1,0,1,1,1,1,0,1,0,0,1,0,0,0,0,1,0,1,1,1,1,0,1,0,0,1,0,0,0
0,1,0,1,1,1,1,0,1,1,0,1,1,0,1,0,1,0,1,1,1,1,0,1,1,0,1,1,0,1
0,1,0,1,1,1,1,0,1,0,1,1,0,0,0,0,1,0,1,1,1,1,0,1,0,1,1,0,0,0
0,1,1,1,1,1,1,1,1,1,0,0,1,1,1,0,1,1,1,1,1,1,1,1,1,0,0,1,1,1
0,1,0,1,1,1,1,0,1,1,0,1,0,0,1,0,1,0,1,1,1,1,0,1,1,0,1,0,0,1
0,0,0,1,0,1,1,0,0,0,0,1,1,0,1,0,0,0,1,0,1,1,0,0,0,0,1,1,0,1
1,1,1,1,1,1,1,0,1,1,1,1,1,0,1,1,1,1,1,1,1,1,0,1,1,1,1,1,0,1
0,1,0,1,1,1,1,0,1,1,0,1,1,0,1,0,1,0,1,1,1,1,0,1,1,0,1,1,0,1
0,0,0,1,1,1,1,0,0,0,0,1,0,0,1,0,0,0,1,1,1,1,0,0,0,0,1,0,0,1
0,0,0,1,1,1,1,0,1,1,0,1,0,0,0,0,0,0,1,1,1,1,0,1,1,0,1,0,0,0
0,1,0,1,1,1,1,0,0,1,0,1,0,0,1,0,1,0,1,1,1,1,0,0,1,0,1,0,0,1
0,1,0,1,1,1,1,0,1,0,1,0,1,0,1,0,1,0,1,1,1,1,0,1,0,1,0,1,0,1
0,0,0,1,0,1,1,0,1,1,0,0,0,0,1,0,0,0,1,0,1,1,0,1,1,0,0,0,0,1
0,1,1,1,0,1,1,0,1,0,1,1,0,0,1,0,1,1,1,0,1,1,0,1,0,1,1,0,0,1
0,0,0,1,1,1,1,0,1,0,0,1,1,0,1,0,0,0,1,1,1,1,0,1,0,0,1,1,0,1
0,0,0,1,1,1,1,0,1,1,0,1,1,1,1,0,0,0,1,1,1,1,0,1,1,0,1,1,1,1
0,1,0,1,1,1,1,0,1,0,0,0,0,0,1,0,1,0,1,1,1,1,0,1,0,0,0,0,0,1
0,0,0,1,1,0,1,0,0,1,0,1,0,0,1,0,0,0,1,1,0,1,0,0,1,0,1,0,0,1
0,1,0,1,1,1,1,0,1,0,0,0,1,0,1,0,1,0,1,1,1,1,0,1,0,0,0,1,0,1
0,0,0,1,1,1,1,0,1,1,0,1,1,0,1,0,0,0,1,1,1,1,0,1,1,0,1,1,0,1
0,1,0,1,1,1,1,0,1,1,0,1,0,0,1,0,1,0,1,1,1,1,0,1,1,0,1,0,0,1
0,1,1,1,1,1,1,0,1,1,0,1,1,0,1,0,1,1,1,1,1,1,0,1,1,0,1,1,0,1
0,1,1,1,1,1,1,1,1,0,0,1,1,0,1,0,1,1,1,1,1,1,1,1,0,0,1,1,0,1
0,1,0,1,1,1,1,0,1,1,0,1,1,0,1,0,1,0,1,1,1,1,0,1,1,0,1,1,0,1
0,1,0,1,1,1,1,0,0,0,0,1,0,0,1,0,1,0,1,1,1,1,0,0,0,0,1,0,0,1
0,0,0,0,1,1,1,0,1,0,0,0,0,0,1,0,0,0,0,1,1,1,0,1,0,0,0,0,0,1
0,0,0,1,1,1,1,0,0,1,0,1,1,0,1,0,0,0,1,1,1,1,0,0,1,0,1,1,0,1
0,0,0,0,0,0,0,0,0,0,0,0,0,0,0,0,0,0,0,0,0,0,0,0,0,0,0,0,0,0
0,1,0,1,1,1,1,0,1,1,0,1,1,1,0,0,1,0,1,1,1,1,0,1,1,0,1,1,1,0
0,0,0,1,1,1,1,0,1,0,0,0,0,0,1,0,0,0,1,1,1,1,0,1,0,0,0,0,0,1
0,0,0,1,1,1,0,0,0,0,0,1,0,0,1,0,0,0,1,1,1,0,0,0,0,0,1,0,0,1
0,0,0,1,1,1,1,0,0,0,0,1,0,0,1,0,0,0,1,1,1,1,0,0,0,0,1,0,0,1
0,0,0,0,1,1,1,0,0,0,0,0,0,0,1,0,0,0,0,1,1,1,0,0,0,0,0,0,0,1
0,0,0,1,1,1,1,1,1,1,1,1,1,0,1,0,0,0,1,1,1,1,1,1,1,1,1,1,0,1
0,1,0,1,1,1,1,0,1,1,1,1,1,0,1,0,1,0,1,1,1,1,0,1,1,1,1,1,0,1
0,0,0,1,1,1,1,0,0,0,0,1,0,0,1,0,0,0,1,1,1,1,0,0,0,0,1,0,0,1
0,1,0,1,1,1,1,0,1,1,0,1,0,0,1,0,1,0,1,1,1,1,0,1,1,0,1,0,0,1
0,1,1,1,0,1,1,0,0,0,1,1,0,0,1,0,1,1,1,0,1,1,0,0,0,1,1,0,0,1
0,1,1,1,1,1,1,0,1,0,0,1,1,0,1,0,1,1,1,1,1,1,0,1,0,0,1,1,0,1
0,1,0,1,1,1,1,0,0,1,1,1,1,0,1,0,1,0,1,1,1,1,0,0,1,1,1,1,0,1
0,1,0,1,1,1,1,0,1,1,0,1,1,1,1,0,1,0,1,1,1,1,0,1,1,0,1,1,1,1
0,1,0,1,1,1,1,0,0,0,1,1,0,0,1,0,1,0,1,1,1,1,0,0,0,1,1,0,0,1
0,1,0,1,1,1,1,1,1,1,1,1,1,1,1,0,1,0,1,1,1,1,1,1,1,1,1,1,1,1
0,1,0,1,0,1,1,0,1,0,0,1,0,0,1,0,1,0,1,0,1,1,0,1,0,0,1,0,0,1
0,1,0,1,1,1,1,0,1,1,0,1,1,0,1,0,1,0,1,1,1,1,0,1,1,0,1,1,0,1
0,1,0,1,1,1,1,0,0,1,0,1,0,0,1,0,1,0,1,1,1,1,0,0,1,0,1,0,0,1
0,1,1,1,0,1,1,0,0,1,0,1,0,0,1,0,1,1,1,0,1,1,0,0,1,0,1,0,0,1
0,1,0,1,1,1,1,0,1,1,0,1,0,0,1,0,1,0,1,1,1,1,0,1,1,0,1,0,0,1
0,1,0,1,1,1,1,0,1,1,1,1,1,1,1,0,1,0,1,1,1,1,0,1,1,1,1,1,1,1
0,0,0,1,1,1,1,0,0,1,0,1,1,0,0,0,0,0,1,1,1,1,0,0,1,0,1,1,0,0
0,0,0,1,1,1,1,0,1,1,0,1,0,0,1,0,0,0,1,1,1,1,0,1,1,0,1,0,0,1
0,1,0,1,1,1,1,0,1,1,1,1,1,1,1,0,1,0,1,1,1,1,0,1,1,1,1,1,1,1
0,1,0,1,0,1,0,0,0,0,0,1,0,0,1,0,1,0,1,0,1,0,0,0,0,0,1,0,0,1
0,0,0,1,1,1,1,0,1,1,1,1,1,0,1,0,0,0,1,1,1,1,0,1,1,1,1,1,0,1
0,0,0,1,1,1,1,0,1,0,0,1,0,0,1,0,0,0,1,1,1,1,0,1,0,0,1,0,0,1
0,0,0,1,1,1,1,0,1,0,0,1,0,0,1,0,0,0,1,1,1,1,0,1,0,0,1,0,0,1
0,0,0,1,1,1,1,0,1,0,0,1,0,0,1,0,0,0,1,1,1,1,0,1,0,0,1,0,0,1
0,1,0,1,1,1,1,0,1,1,0,1,0,0,1,0,1,0,1,1,1,1,0,1,1,0,1,0,0,1
0,1,1,1,1,1,1,0,1,1,1,1,1,0,1,0,1,1,1,1,1,1,0,1,1,1,1,1,0,1
0,0,0,1,1,1,1,0,1,1,0,1,1,1,1,0,0,0,1,1,1,1,0,1,1,0,1,1,1,1
0,1,0,1,1,1,1,0,0,1,0,1,0,0,0,0,1,0,1,1,1,1,0,0,1,0,1,0,0,0
0,1,0,1,0,0,1,0,0,0,0,1,0,1,0,0,1,0,1,0,0,1,0,0,0,0,1,0,1,0
0,1,0,1,1,1,1,0,0,0,0,1,1,1,1,0,1,0,1,1,1,1,0,0,0,0,1,1,1,1
0,1,0,1,0,1,1,0,0,0,0,1,1,1,1,0,1,0,1,0,1,1,0,0,0,0,1,1,1,1
0,1,0,1,1,1,1,0,1,0,0,1,0,1,1,0,1,0,1,1,1,1,0,1,0,0,1,0,1,1
0,0,0,1,0,0,1,0,0,0,0,1,1,0,1,0,0,0,1,0,0,1,0,0,0,0,1,1,0,1
0,0,0,1,1,1,1,0,1,1,0,1,1,1,1,0,0,0,1,1,1,1,0,1,1,0,1,1,1,1
0,0,0,1,1,1,1,0,1,1,0,1,1,0,1,0,0,0,1,1,1,1,0,1,1,0,1,1,0,1
0,0,0,1,1,1,1,0,0,0,0,1,0,0,1,0,0,0,1,1,1,1,0,0,0,0,1,0,0,1
0,1,0,1,0,1,0,0,0,1,0,1,0,0,1,0,1,0,1,0,1,0,0,0,1,0,1,0,0,1
0,1,0,1,0,1,1,0,1,1,0,0,0,0,1,0,1,0,1,0,1,1,0,1,1,0,0,0,0,1
0,1,0,1,0,1,1,0,0,1,0,1,0,1,1,0,1,0,1,0,1,1,0,0,1,0,1,0,1,1
0,1,0,1,1,1,1,0,1,1,0,1,1,1,1,0,1,0,1,1,1,1,0,1,1,0,1,1,1,1
0,0,0,1,1,1,1,0,1,1,0,1,1,0,1,0,0,0,1,1,1,1,0,1,1,0,1,1,0,1
0,0,0,1,1,1,1,0,1,1,1,1,1,0,1,0,0,0,1,1,1,1,0,1,1,1,1,1,0,1
0,1,0,1,1,1,1,0,1,0,0,1,0,0,1,0,1,0,1,1,1,1,0,1,0,0,1,0,0,1
0,1,0,1,1,1,1,0,1,1,0,1,0,0,1,0,1,0,1,1,1,1,0,1,1,0,1,0,0,1
0,1,0,1,0,1,1,0,0,0,0,1,1,0,0,0,1,0,1,0,1,1,0,0,0,0,1,1,0,0
0,0,0,0,1,1,1,0,1,1,0,1,1,1,1,0,0,0,0,1,1,1,0,1,1,0,1,1,1,1
0,0,0,1,1,1,1,0,1,0,0,1,0,0,1,0,0,0,1,1,1,1,0,1,0,0,1,0,0,1
0,1,0,1,1,1,1,0,1,1,0,1,0,0,1,0,1,0,1,1,1,1,0,1,1,0,1,0,0,1
0,0,0,1,1,1,1,0,0,0,0,1,1,0,1,0,0,0,1,1,1,1,0,0,0,0,1,1,0,1
0,0,0,1,0,1,1,0,0,0,0,0,0,0,1,0,0,0,1,0,1,1,0,0,0,0,0,0,0,1
0,0,0,1,1,1,1,0,1,0,0,1,1,0,1,0,0,0,1,1,1,1,0,1,0,0,1,1,0,1
0,0,0,1,1,1,1,0,1,1,0,1,1,1,1,0,0,0,1,1,1,1,0,1,1,0,1,1,1,1
0,0,0,1,1,1,1,0,1,1,1,1,1,0,1,0,0,0,1,1,1,1,0,1,1,1,1,1,0,1
0,1,0,1,1,1,0,0,0,0,0,0,0,0,1,0,1,0,1,1,1,0,0,0,0,0,0,0,0,1
0,0,0,1,1,1,1,0,1,1,0,1,0,0,1,0,0,0,1,1,1,1,0,1,1,0,1,0,0,1
0,0,0,1,1,1,1,0,1,1,0,1,0,0,1,0,0,0,1,1,1,1,0,1,1,0,1,0,0,1
0,1,0,1,1,1,1,0,0,0,0,1,1,0,1,0,1,0,1,1,1,1,0,0,0,0,1,1,0,1
0,1,0,1,1,1,1,0,1,0,0,1,0,0,1,0,1,0,1,1,1,1,0,1,0,0,1,0,0,1
0,1,1,1,1,0,1,0,1,0,0,1,0,0,1,0,1,1,1,1,0,1,0,1,0,0,1,0,0,1
0,1,0,1,1,0,1,0,0,0,0,1,0,0,1,0,1,0,1,1,0,1,0,0,0,0,1,0,0,1
0,0,0,1,1,1,1,0,0,1,0,1,0,0,1,0,0,0,1,1,1,1,0,0,1,0,1,0,0,1
0,1,0,1,1,1,1,0,0,0,1,1,0,0,1,0,1,0,1,1,1,1,0,0,0,1,1,0,0,1
0,1,0,1,1,1,1,0,1,1,0,1,1,1,1,0,1,0,1,1,1,1,0,1,1,0,1,1,1,1
0,1,0,1,1,1,1,0,0,1,0,0,0,0,1,0,1,0,1,1,1,1,0,0,1,0,0,0,0,1
0,1,0,1,1,1,1,0,1,1,1,1,1,0,1,0,1,0,1,1,1,1,0,1,1,1,1,1,0,1
0,1,0,1,1,1,1,0,1,1,1,1,0,0,0,0,1,0,1,1,1,1,0,1,1,1,1,0,0,0
0,0,0,1,1,1,0,0,1,1,0,1,1,0,1,0,0,0,1,1,1,0,0,1,1,0,1,1,0,1
0,1,0,1,0,1,1,0,1,1,0,0,0,0,1,0,1,0,1,0,1,1,0,1,1,0,0,0,0,1
0,1,0,1,1,1,1,1,1,1,0,1,1,1,1,0,1,0,1,1,1,1,1,1,1,0,1,1,1,1
0,0,0,1,0,1,1,0,0,0,0,1,0,0,1,0,0,0,1,0,1,1,0,0,0,0,1,0,0,1
0,0,0,1,0,0,1,0,0,0,0,1,1,0,1,0,0,0,1,0,0,1,0,0,0,0,1,1,0,1
0,0,0,1,1,1,1,0,1,1,0,1,0,0,1,0,0,0,1,1,1,1,0,1,1,0,1,0,0,1
0,1,0,1,1,1,1,0,1,0,0,1,0,0,1,0,1,0,1,1,1,1,0,1,0,0,1,0,0,1
0,1,0,1,1,1,1,0,1,1,0,1,1,0,1,0,1,0,1,1,1,1,0,1,1,0,1,1,0,1
0,1,0,1,0,1,0,0,0,1,0,1,0,0,1,0,1,0,1,0,1,0,0,0,1,0,1,0,0,1
0,1,0,1,1,1,1,0,0,0,0,1,1,0,1,0,1,0,1,1,1,1,0,0,0,0,1,1,0,1
0,0,0,1,1,1,1,0,1,1,0,1,1,0,1,0,0,0,1,1,1,1,0,1,1,0,1,1,0,1
0,1,0,1,1,1,1,0,1,1,0,1,0,0,1,0,1,0,1,1,1,1,0,1,1,0,1,0,0,1
0,0,0,1,0,1,1,0,0,0,1,1,0,0,1,0,0,0,1,0,1,1,0,0,0,1,1,0,0,1
0,1,0,1,1,1,1,0,1,0,0,1,0,0,1,0,1,0,1,1,1,1,0,1,0,0,1,0,0,1
0,0,0,1,1,1,1,0,0,0,0,0,0,0,1,0,0,0,1,1,1,1,0,0,0,0,0,0,0,1
0,0,0,1,1,1,1,0,1,0,0,0,0,0,1,0,0,0,1,1,1,1,0,1,0,0,0,0,0,1
0,0,0,1,1,1,1,0,1,1,0,0,1,1,1,0,0,0,1,1,1,1,0,1,1,0,0,1,1,1
0,1,0,1,1,1,1,0,1,0,0,1,1,0,0,0,1,0,1,1,1,1,0,1,0,0,1,1,0,0
0,1,0,1,1,1,1,0,1,0,0,1,0,0,1,0,1,0,1,1,1,1,0,1,0,0,1,0,0,1
0,1,0,1,1,1,1,1,1,1,0,1,0,0,0,0,1,0,1,1,1,1,1,1,1,0,1,0,0,0
0,1,0,1,1,1,1,0,1,1,0,1,0,0,1,0,1,0,1,1,1,1,0,1,1,0,1,0,0,1
0,1,0,1,1,1,1,1,0,1,1,1,1,0,1,0,1,0,1,1,1,1,1,0,1,1,1,1,0,1
0,1,1,1,1,0,1,0,0,0,0,1,0,0,1,0,1,1,1,1,0,1,0,0,0,0,1,0,0,1
0,1,0,1,0,1,1,0,0,1,0,1,1,0,1,0,1,0,1,0,1,1,0,0,1,0,1,1,0,1
0,1,0,1,1,1,1,0,1,1,0,1,1,0,1,0,1,0,1,1,1,1,0,1,1,0,1,1,0,1
0,1,1,1,1,1,1,0,1,1,0,1,1,0,1,0,1,1,1,1,1,1,0,1,1,0,1,1,0,1
0,1,0,1,1,1,1,0,0,0,0,1,0,0,1,0,1,0,1,1,1,1,0,0,0,0,1,0,0,1
0,1,0,1,1,1,1,0,1,1,0,1,0,0,1,0,1,0,1,1,1,1,0,1,1,0,1,0,0,1
0,1,0,1,1,1,1,0,1,0,0,1,1,0,1,0,1,0,1,1,1,1,0,1,0,0,1,1,0,1
0,1,0,1,1,1,1,0,1,0,1,1,0,0,1,0,1,0,1,1,1,1,0,1,0,1,1,0,0,1
0,0,0,1,1,1,1,0,0,1,0,0,1,0,0,0,0,0,1,1,1,1,0,0,1,0,0,1,0,0
0,0,0,1,1,1,1,0,0,1,0,1,0,1,0,0,0,0,1,1,1,1,0,0,1,0,1,0,1,0
0,1,0,1,1,1,1,0,0,0,0,1,0,0,0,0,1,0,1,1,1,1,0,0,0,0,1,0,0,0
0,1,0,1,1,1,1,0,1,1,0,1,0,1,1,0,1,0,1,1,1,1,0,1,1,0,1,0,1,1
0,0,0,1,1,1,1,0,1,1,0,1,0,0,1,0,0,0,1,1,1,1,0,1,1,0,1,0,0,1
0,0,0,1,1,1,1,0,0,0,0,0,1,1,1,0,0,0,1,1,1,1,0,0,0,0,0,1,1,1
0,0,0,1,1,1,1,0,1,1,0,0,0,0,1,0,0,0,1,1,1,1,0,1,1,0,0,0,0,1
0,0,0,1,1,1,1,0,0,0,0,0,0,0,1,0,0,0,1,1,1,1,0,0,0,0,0,0,0,1
0,0,0,1,1,1,1,0,0,0,0,0,0,0,1,0,0,0,1,1,1,1,0,0,0,0,0,0,0,1
0,0,0,1,0,1,1,0,0,0,0,0,0,0,0,0,0,0,1,0,1,1,0,0,0,0,0,0,0,0
0,0,0,1,0,1,1,0,0,0,0,0,0,0,0,0,0,0,1,0,1,1,0,0,0,0,0,0,0,0
0,1,0,1,0,1,1,0,1,1,0,0,0,0,1,0,1,0,1,0,1,1,0,1,1,0,0,0,0,1
0,0,0,1,1,1,1,0,0,0,0,0,0,0,1,0,0,0,1,1,1,1,0,0,0,0,0,0,0,1
0,0,0,1,0,1,1,0,0,0,0,0,0,0,1,0,0,0,1,0,1,1,0,0,0,0,0,0,0,1
0,0,0,1,0,1,1,0,0,0,0,0,0,0,1,0,0,0,1,0,1,1,0,0,0,0,0,0,0,1
0,0,0,1,1,1,1,0,1,1,0,0,1,1,1,0,0,0,1,1,1,1,0,1,1,0,0,1,1,1
0,1,1,1,1,1,1,0,1,1,0,1,1,0,1,0,1,1,1,1,1,1,0,1,1,0,1,1,0,1
0,1,0,1,1,1,1,0,0,0,0,0,0,1,1,0,1,0,1,1,1,1,0,0,0,0,0,0,1,1
0,1,1,1,0,1,1,0,1,1,1,1,0,0,1,0,1,1,1,0,1,1,0,1,1,1,1,0,0,1
0,0,0,1,0,1,1,0,1,0,0,1,0,0,1,0,0,0,1,0,1,1,0,1,0,0,1,0,0,1
0,0,0,1,1,1,1,0,1,1,0,1,1,1,1,0,0,0,1,1,1,1,0,1,1,0,1,1,1,1
0,0,0,1,1,1,1,0,1,1,0,1,1,1,1,0,0,0,1,1,1,1,0,1,1,0,1,1,1,1
0,1,1,1,1,1,1,0,1,0,1,1,0,0,1,0,1,1,1,1,1,1,0,1,0,1,1,0,0,1
0,1,0,1,1,1,1,0,0,0,0,1,0,0,1,0,1,0,1,1,1,1,0,0,0,0,1,0,0,1
0,1,0,1,1,1,1,0,1,1,1,1,0,1,1,0,1,0,1,1,1,1,0,1,1,1,1,0,1,1
0,1,0,1,1,1,1,0,1,0,0,1,1,1,1,0,1,0,1,1,1,1,0,1,0,0,1,1,1,1
0,1,0,1,1,1,1,0,0,1,0,1,1,0,1,0,1,0,1,1,1,1,0,0,1,0,1,1,0,1
0,1,0,1,1,1,1,0,0,1,0,1,1,0,1,0,1,0,1,1,1,1,0,0,1,0,1,1,0,1
0,1,0,1,1,1,1,0,1,0,0,1,1,1,1,0,1,0,1,1,1,1,0,1,0,0,1,1,1,1
0,1,0,1,1,1,1,0,1,1,1,1,1,0,1,0,1,0,1,1,1,1,0,1,1,1,1,1,0,1
0,1,0,1,0,1,1,0,0,0,0,1,0,0,0,0,1,0,1,0,1,1,0,0,0,0,1,0,0,0
0,1,0,1,0,1,1,0,0,1,0,1,0,0,1,0,1,0,1,0,1,1,0,0,1,0,1,0,0,1
0,0,0,1,1,1,1,0,1,1,0,1,0,0,0,0,0,0,1,1,1,1,0,1,1,0,1,0,0,0
0,0,0,1,1,1,1,0,1,1,0,1,1,0,1,0,0,0,1,1,1,1,0,1,1,0,1,1,0,1
0,1,0,1,0,1,1,0,1,1,0,1,1,0,1,0,1,0,1,0,1,1,0,1,1,0,1,1,0,1
0,1,0,1,1,1,1,0,1,1,0,1,1,0,1,0,1,0,1,1,1,1,0,1,1,0,1,1,0,1
0,1,0,1,1,1,1,0,1,0,1,1,0,1,1,0,1,0,1,1,1,1,0,1,0,1,1,0,1,1
0,0,0,1,1,1,1,0,0,1,0,1,0,0,1,0,0,0,1,1,1,1,0,0,1,0,1,0,0,1
0,1,1,1,1,1,1,0,1,0,0,1,1,0,1,0,1,1,1,1,1,1,0,1,0,0,1,1,0,1
0,0,0,1,0,1,1,0,1,0,0,1,1,0,1,0,0,0,1,0,1,1,0,1,0,0,1,1,0,1
0,1,0,1,1,1,1,0,0,1,1,1,1,0,1,0,1,0,1,1,1,1,0,0,1,1,1,1,0,1
0,0,0,1,1,1,1,0,1,1,0,1,0,0,1,0,0,0,1,1,1,1,0,1,1,0,1,0,0,1
0,1,0,1,0,1,1,0,0,1,0,0,0,0,1,0,1,0,1,0,1,1,0,0,1,0,0,0,0,1
0,0,0,1,0,1,1,0,0,1,0,1,0,0,1,0,0,0,1,0,1,1,0,0,1,0,1,0,0,1
0,0,0,1,1,1,1,0,0,0,0,1,0,0,1,0,0,0,1,1,1,1,0,0,0,0,1,0,0,1
0,1,0,1,1,1,1,0,1,1,1,1,1,0,1,0,1,0,1,1,1,1,0,1,1,1,1,1,0,1
0,1,0,1,1,1,1,0,1,1,0,1,1,0,1,0,1,0,1,1,1,1,0,1,1,0,1,1,0,1
0,1,0,1,0,1,1,0,0,1,0,1,0,1,1,0,1,0,1,0,1,1,0,0,1,0,1,0,1,1
0,1,1,1,1,0,1,0,0,0,0,1,0,0,1,0,1,1,1,1,0,1,0,0,0,0,1,0,0,1
0,1,1,1,1,1,1,0,1,1,1,1,1,1,1,0,1,1,1,1,1,1,0,1,1,1,1,1,1,1
0,0,0,1,1,1,1,0,1,1,0,1,0,0,1,0,0,0,1,1,1,1,0,1,1,0,1,0,0,1
0,1,0,1,1,1,1,0,1,1,1,1,0,1,1,0,1,0,1,1,1,1,0,1,1,1,1,0,1,1
0,1,0,1,1,1,1,0,1,1,1,1,0,0,1,0,1,0,1,1,1,1,0,1,1,1,1,0,0,1
0,1,0,1,0,1,1,0,1,0,0,1,0,0,1,0,1,0,1,0,1,1,0,1,0,0,1,0,0,1
0,0,0,1,0,0,1,0,0,0,0,1,1,0,1,0,0,0,1,0,0,1,0,0,0,0,1,1,0,1
0,1,0,1,1,1,1,0,1,1,0,1,1,0,1,0,1,0,1,1,1,1,0,1,1,0,1,1,0,1
0,0,0,1,1,1,1,0,1,1,0,1,1,0,1,0,0,0,1,1,1,1,0,1,1,0,1,1,0,1
0,1,0,1,1,1,1,0,1,0,0,1,1,1,1,0,1,0,1,1,1,1,0,1,0,0,1,1,1,1
0,0,0,1,1,1,1,0,1,1,1,1,1,0,1,0,0,0,1,1,1,1,0,1,1,1,1,1,0,1
0,1,0,1,1,1,1,0,1,1,1,1,1,0,1,0,1,0,1,1,1,1,0,1,1,1,1,1,0,1
0,0,0,1,1,1,1,0,1,0,0,1,1,0,1,0,0,0,1,1,1,1,0,1,0,0,1,1,0,1
0,1,0,1,1,1,1,0,1,1,1,0,0,1,1,0,1,0,1,1,1,1,0,1,1,1,0,0,1,1
0,0,0,1,1,1,1,0,0,0,0,1,0,0,1,0,0,0,1,1,1,1,0,0,0,0,1,0,0,1
0,0,0,1,1,1,1,0,0,1,1,1,0,0,1,0,0,0,1,1,1,1,0,0,1,1,1,0,0,1
0,1,0,1,1,1,1,0,1,0,0,0,0,0,1,0,1,0,1,1,1,1,0,1,0,0,0,0,0,1
0,1,0,1,0,1,1,0,1,1,0,1,0,0,0,0,1,0,1,0,1,1,0,1,1,0,1,0,0,0
0,1,0,1,1,1,1,0,0,1,0,0,0,0,1,0,1,0,1,1,1,1,0,0,1,0,0,0,0,1
0,1,0,1,1,1,1,0,1,1,1,1,0,0,1,0,1,0,1,1,1,1,0,1,1,1,1,0,0,1
0,1,0,1,1,1,1,0,1,1,0,1,0,0,1,0,1,0,1,1,1,1,0,1,1,0,1,0,0,1
0,1,0,1,1,1,1,0,0,0,0,1,0,0,0,0,1,0,1,1,1,1,0,0,0,0,1,0,0,0
0,0,0,1,1,1,1,0,1,0,0,1,0,0,1,0,0,0,1,1,1,1,0,1,0,0,1,0,0,1
0,1,0,1,1,1,1,0,1,1,1,1,0,0,1,0,1,0,1,1,1,1,0,1,1,1,1,0,0,1
0,0,0,1,1,1,1,0,1,1,0,1,1,0,1,0,0,0,1,1,1,1,0,1,1,0,1,1,0,1
0,1,0,1,1,1,1,1,1,1,0,1,1,1,1,0,1,0,1,1,1,1,1,1,1,0,1,1,1,1
0,1,1,1,1,1,1,1,1,1,0,1,1,1,1,0,1,1,1,1,1,1,1,1,1,0,1,1,1,1
0,0,0,1,1,1,1,0,1,1,0,1,0,0,1,0,0,0,1,1,1,1,0,1,1,0,1,0,0,1
0,1,0,1,1,1,1,0,1,1,0,1,0,1,1,0,1,0,1,1,1,1,0,1,1,0,1,0,1,1
0,1,0,1,1,1,1,0,1,1,0,1,1,1,1,0,1,0,1,1,1,1,0,1,1,0,1,1,1,1
0,0,0,1,1,1,1,0,1,0,0,1,1,0,1,0,0,0,1,1,1,1,0,1,0,0,1,1,0,1
0,1,1,1,1,1,1,0,1,0,0,1,0,0,1,0,1,1,1,1,1,1,0,1,0,0,1,0,0,1
0,0,0,1,1,1,1,0,0,0,1,1,0,0,0,0,0,0,1,1,1,1,0,0,0,1,1,0,0,0
0,1,0,1,1,1,1,0,1,1,0,1,1,0,1,0,1,0,1,1,1,1,0,1,1,0,1,1,0,1
0,0,0,1,0,1,1,0,0,0,0,1,0,0,0,0,0,0,1,0,1,1,0,0,0,0,1,0,0,0
0,1,0,1,1,1,1,0,0,1,1,1,1,1,1,0,1,0,1,1,1,1,0,0,1,1,1,1,1,1
0,1,0,1,1,1,1,0,1,1,0,1,1,0,1,0,1,0,1,1,1,1,0,1,1,0,1,1,0,1
0,1,0,1,1,1,1,0,1,1,1,1,1,1,1,0,1,0,1,1,1,1,0,1,1,1,1,1,1,1
0,0,0,1,1,1,1,0,1,1,0,1,0,0,1,0,0,0,1,1,1,1,0,1,1,0,1,0,0,1
0,0,0,1,0,1,1,0,1,0,0,1,0,0,1,0,0,0,1,0,1,1,0,1,0,0,1,0,0,1
0,1,0,1,1,1,1,0,0,1,0,1,0,1,1,0,1,0,1,1,1,1,0,0,1,0,1,0,1,1
0,1,0,1,1,1,1,1,0,1,0,1,0,0,1,0,1,0,1,1,1,1,1,0,1,0,1,0,0,1
0,1,0,1,1,1,1,0,1,1,0,1,0,0,1,0,1,0,1,1,1,1,0,1,1,0,1,0,0,1
0,0,0,0,0,0,0,0,0,0,0,0,0,0,0,0,0,0,0,0,0,0,0,0,0,0,0,0,0,0
0,0,0,1,0,1,1,0,0,0,0,1,0,0,1,0,0,0,1,0,1,1,0,0,0,0,1,0,0,1
0,1,0,1,1,1,1,0,0,0,0,1,1,0,1,0,1,0,1,1,1,1,0,0,0,0,1,1,0,1
0,1,0,1,0,1,1,0,1,1,1,1,1,1,1,0,1,0,1,0,1,1,0,1,1,1,1,1,1,1
1,1,0,1,1,1,1,0,0,0,0,1,1,1,1,1,1,0,1,1,1,1,0,0,0,0,1,1,1,1
0,0,0,1,1,1,1,1,1,1,0,1,0,0,1,0,0,0,1,1,1,1,1,1,1,0,1,0,0,1
0,0,0,1,1,1,1,0,0,1,1,1,0,0,1,0,0,0,1,1,1,1,0,0,1,1,1,0,0,1
0,1,0,1,1,1,1,0,1,0,0,1,1,0,0,0,1,0,1,1,1,1,0,1,0,0,1,1,0,0
0,1,0,1,1,1,1,0,0,1,0,1,1,0,1,0,1,0,1,1,1,1,0,0,1,0,1,1,0,1
0,0,0,1,0,1,1,0,0,1,0,1,0,0,1,0,0,0,1,0,1,1,0,0,1,0,1,0,0,1
0,0,0,1,0,1,1,0,0,1,0,1,0,0,0,0,0,0,1,0,1,1,0,0,1,0,1,0,0,0
0,0,0,1,0,1,1,0,0,0,0,1,0,0,0,0,0,0,1,0,1,1,0,0,0,0,1,0,0,0
0,1,0,1,0,1,1,0,0,1,0,1,0,0,1,0,1,0,1,0,1,1,0,0,1,0,1,0,0,1
0,1,0,1,1,1,1,0,1,1,1,1,1,1,1,0,1,0,1,1,1,1,0,1,1,1,1,1,1,1
0,1,0,1,1,1,1,0,0,0,0,1,1,0,1,0,1,0,1,1,1,1,0,0,0,0,1,1,0,1
0,1,0,1,1,1,1,0,0,0,0,1,0,1,1,0,1,0,1,1,1,1,0,0,0,0,1,0,1,1
0,1,0,1,1,1,1,0,1,0,0,1,1,1,1,0,1,0,1,1,1,1,0,1,0,0,1,1,1,1
0,0,0,1,1,1,1,0,1,1,1,1,0,0,1,0,0,0,1,1,1,1,0,1,1,1,1,0,0,1
0,1,0,1,1,1,1,0,0,1,0,0,0,1,1,0,1,0,1,1,1,1,0,0,1,0,0,0,1,1
0,0,0,1,1,1,1,0,1,1,0,1,1,1,1,0,0,0,1,1,1,1,0,1,1,0,1,1,1,1
0,0,0,1,0,1,1,0,1,1,0,1,0,0,1,0,0,0,1,0,1,1,0,1,1,0,1,0,0,1
0,0,0,1,1,0,1,0,1,0,0,1,1,0,1,0,0,0,1,1,0,1,0,1,0,0,1,1,0,1
0,0,0,1,1,1,1,0,1,1,1,1,1,1,1,0,0,0,1,1,1,1,0,1,1,1,1,1,1,1
0,1,1,1,1,1,1,0,1,1,0,1,1,1,1,0,1,1,1,1,1,1,0,1,1,0,1,1,1,1
0,0,0,1,1,1,1,0,1,1,0,1,0,0,1,0,0,0,1,1,1,1,0,1,1,0,1,0,0,1
0,1,0,1,1,1,1,0,1,0,0,1,1,0,1,0,1,0,1,1,1,1,0,1,0,0,1,1,0,1
0,1,1,1,1,1,1,0,1,1,0,1,0,1,1,0,1,1,1,1,1,1,0,1,1,0,1,0,1,1
0,1,0,1,0,1,1,0,0,1,0,1,0,1,1,0,1,0,1,0,1,1,0,0,1,0,1,0,1,1
0,0,0,1,1,1,1,1,1,1,0,1,0,0,1,0,0,0,1,1,1,1,1,1,1,0,1,0,0,1
0,0,0,1,1,1,1,0,1,1,0,1,1,1,1,0,0,0,1,1,1,1,0,1,1,0,1,1,1,1
0,1,0,1,1,1,1,0,1,1,0,1,0,0,1,0,1,0,1,1,1,1,0,1,1,0,1,0,0,1
0,1,0,1,1,1,1,0,1,1,0,1,0,1,1,0,1,0,1,1,1,1,0,1,1,0,1,0,1,1
0,1,0,1,1,1,1,0,0,0,0,1,1,1,0,0,1,0,1,1,1,1,0,0,0,0,1,1,1,0
0,1,0,1,1,1,1,0,0,0,0,1,1,1,0,0,1,0,1,1,1,1,0,0,0,0,1,1,1,0
0,1,0,1,1,1,1,0,0,0,0,1,1,1,0,0,1,0,1,1,1,1,0,0,0,0,1,1,1,0
0,0,0,1,1,1,1,0,1,1,1,1,1,1,1,0,0,0,1,1,1,1,0,1,1,1,1,1,1,1
0,1,0,1,1,1,1,0,1,0,0,1,0,0,1,0,1,0,1,1,1,1,0,1,0,0,1,0,0,1
0,1,0,1,1,1,1,0,1,1,0,1,0,0,1,0,1,0,1,1,1,1,0,1,1,0,1,0,0,1
0,1,0,1,1,1,1,0,1,1,0,1,1,0,1,0,1,0,1,1,1,1,0,1,1,0,1,1,0,1
0,0,0,1,1,1,1,0,1,1,0,1,0,0,1,0,0,0,1,1,1,1,0,1,1,0,1,0,0,1
0,0,0,1,1,1,1,0,1,1,0,1,0,0,1,0,0,0,1,1,1,1,0,1,1,0,1,0,0,1
0,0,0,1,1,1,1,0,1,0,0,1,0,0,1,0,0,0,1,1,1,1,0,1,0,0,1,0,0,1
0,0,0,1,0,1,1,0,0,0,0,1,0,0,1,0,0,0,1,0,1,1,0,0,0,0,1,0,0,1
0,0,0,1,1,1,1,0,0,1,0,1,0,0,0,0,0,0,1,1,1,1,0,0,1,0,1,0,0,0
0,0,0,1,0,1,1,0,0,1,0,1,0,0,0,0,0,0,1,0,1,1,0,0,1,0,1,0,0,0
0,0,0,1,1,1,0,0,0,0,1,1,1,0,0,0,0,0,1,1,1,0,0,0,0,1,1,1,0,0
1,1,1,1,1,1,1,0,1,1,0,1,0,1,1,1,1,1,1,1,1,1,0,1,1,0,1,0,1,1
0,0,0,1,1,1,1,0,1,1,0,0,1,0,1,0,0,0,1,1,1,1,0,1,1,0,0,1,0,1
0,1,1,1,1,0,1,0,1,1,0,1,1,0,1,0,1,1,1,1,0,1,0,1,1,0,1,1,0,1
0,1,0,1,1,1,1,0,0,0,0,0,0,0,0,0,1,0,1,1,1,1,0,0,0,0,0,0,0,0
0,1,0,1,1,1,1,0,1,0,0,1,0,0,0,0,1,0,1,1,1,1,0,1,0,0,1,0,0,0
0,1,1,1,1,1,1,0,1,1,0,1,0,1,1,0,1,1,1,1,1,1,0,1,1,0,1,0,1,1
0,1,0,1,1,1,1,0,0,1,0,1,0,0,1,0,1,0,1,1,1,1,0,0,1,0,1,0,0,1
0,0,0,1,1,1,1,0,1,1,0,1,0,0,1,0,0,0,1,1,1,1,0,1,1,0,1,0,0,1
0,1,0,1,1,1,1,1,1,1,0,1,1,0,1,0,1,0,1,1,1,1,1,1,1,0,1,1,0,1
0,0,0,1,1,1,1,0,1,0,0,1,0,1,1,0,0,0,1,1,1,1,0,1,0,0,1,0,1,1
0,0,0,1,1,1,0,0,0,0,0,0,1,0,0,0,0,0,1,1,1,0,0,0,0,0,0,1,0,0
0,0,0,1,0,1,0,0,0,0,0,0,0,0,1,0,0,0,1,0,1,0,0,0,0,0,0,0,0,1
0,0,0,1,0,1,1,0,0,1,0,0,0,0,1,0,0,0,1,0,1,1,0,0,1,0,0,0,0,1
0,0,0,1,0,1,1,0,0,0,0,0,1,0,1,0,0,0,1,0,1,1,0,0,0,0,0,1,0,1
0,0,0,1,1,1,1,0,0,0,0,0,0,0,1,0,0,0,1,1,1,1,0,0,0,0,0,0,0,1
0,0,0,1,0,1,1,0,0,0,0,0,0,0,1,0,0,0,1,0,1,1,0,0,0,0,0,0,0,1
0,0,0,1,0,1,0,0,0,0,0,0,0,0,1,0,0,0,1,0,1,0,0,0,0,0,0,0,0,1
0,0,0,1,1,1,1,0,1,0,0,1,0,0,1,0,0,0,1,1,1,1,0,1,0,0,1,0,0,1
0,0,0,1,1,1,1,0,1,1,0,1,0,0,1,0,0,0,1,1,1,1,0,1,1,0,1,0,0,1
0,1,1,1,1,0,1,0,1,1,0,1,0,0,1,0,1,1,1,1,0,1,0,1,1,0,1,0,0,1
0,1,1,1,1,0,1,0,1,1,0,1,0,0,1,0,1,1,1,1,0,1,0,1,1,0,1,0,0,1
0,1,1,1,1,0,1,0,1,1,0,1,0,0,1,0,1,1,1,1,0,1,0,1,1,0,1,0,0,1
0,1,1,1,1,0,1,0,1,0,0,1,0,0,1,0,1,1,1,1,0,1,0,1,0,0,1,0,0,1
0,1,0,1,1,1,1,0,1,0,0,1,1,0,1,0,1,0,1,1,1,1,0,1,0,0,1,1,0,1
0,0,0,1,1,1,1,0,1,0,0,1,1,0,1,0,0,0,1,1,1,1,0,1,0,0,1,1,0,1
0,1,0,1,1,1,1,0,1,1,0,1,0,0,1,0,1,0,1,1,1,1,0,1,1,0,1,0,0,1
0,0,0,1,1,1,1,0,1,1,1,1,0,0,1,0,0,0,1,1,1,1,0,1,1,1,1,0,0,1
0,1,0,1,1,1,1,0,0,0,0,1,0,0,1,0,1,0,1,1,1,1,0,0,0,0,1,0,0,1
0,1,0,1,1,1,1,0,0,1,0,1,0,0,1,0,1,0,1,1,1,1,0,0,1,0,1,0,0,1
0,0,0,1,0,1,1,0,0,0,0,0,1,0,0,0,0,0,1,0,1,1,0,0,0,0,0,1,0,0
0,1,0,1,1,1,1,0,1,1,0,1,0,0,1,0,1,0,1,1,1,1,0,1,1,0,1,0,0,1
0,1,0,1,1,1,1,0,1,1,0,1,1,0,1,0,1,0,1,1,1,1,0,1,1,0,1,1,0,1
0,0,0,1,0,1,1,0,0,0,0,0,1,0,1,0,0,0,1,0,1,1,0,0,0,0,0,1,0,1
0,0,0,1,0,1,1,0,0,1,0,0,1,0,1,0,0,0,1,0,1,1,0,0,1,0,0,1,0,1
0,1,0,1,0,1,1,0,0,0,0,1,0,0,0,0,1,0,1,0,1,1,0,0,0,0,1,0,0,0
0,1,0,1,0,0,1,0,0,0,0,1,0,0,0,0,1,0,1,0,0,1,0,0,0,0,1,0,0,0
0,1,0,1,0,1,1,0,0,0,0,1,0,0,0,0,1,0,1,0,1,1,0,0,0,0,1,0,0,0
0,0,0,1,1,1,1,0,0,0,0,1,0,0,1,0,0,0,1,1,1,1,0,0,0,0,1,0,0,1
0,1,0,1,0,1,1,0,0,0,0,0,0,0,1,0,1,0,1,0,1,1,0,0,0,0,0,0,0,1
0,0,0,1,1,1,1,0,1,1,1,1,0,0,1,0,0,0,1,1,1,1,0,1,1,1,1,0,0,1
0,1,0,1,0,1,1,0,0,1,0,1,0,0,1,0,1,0,1,0,1,1,0,0,1,0,1,0,0,1
0,1,0,1,1,0,1,0,0,0,0,1,0,1,1,0,1,0,1,1,0,1,0,0,0,0,1,0,1,1
0,1,0,1,0,1,1,0,1,1,0,0,1,0,1,0,1,0,1,0,1,1,0,1,1,0,0,1,0,1
0,0,0,1,1,1,1,0,1,1,0,1,1,1,1,0,0,0,1,1,1,1,0,1,1,0,1,1,1,1
0,1,0,1,1,1,1,0,1,1,0,1,0,0,0,0,1,0,1,1,1,1,0,1,1,0,1,0,0,0
0,1,0,1,0,0,1,0,0,1,0,1,1,0,1,0,1,0,1,0,0,1,0,0,1,0,1,1,0,1
0,0,0,1,1,1,0,0,0,1,0,0,0,0,1,0,0,0,1,1,1,0,0,0,1,0,0,0,0,1
0,1,0,1,1,1,1,0,1,1,0,1,1,0,1,0,1,0,1,1,1,1,0,1,1,0,1,1,0,1
0,0,0,1,1,1,1,0,1,1,1,1,0,1,1,0,0,0,1,1,1,1,0,1,1,1,1,0,1,1
0,1,0,1,1,1,1,0,1,0,0,1,1,0,1,0,1,0,1,1,1,1,0,1,0,0,1,1,0,1
0,0,0,0,0,0,0,0,0,0,0,0,0,0,0,0,0,0,0,0,0,0,0,0,0,0,0,0,0,0
0,0,0,1,1,1,1,0,0,0,0,1,1,1,1,0,0,0,1,1,1,1,0,0,0,0,1,1,1,1
0,1,0,1,1,1,1,1,1,0,1,1,1,0,1,0,1,0,1,1,1,1,1,1,0,1,1,1,0,1
0,1,0,1,1,1,1,0,1,1,1,1,0,0,1,0,1,0,1,1,1,1,0,1,1,1,1,0,0,1
0,1,0,1,1,1,1,0,0,1,1,1,0,0,1,0,1,0,1,1,1,1,0,0,1,1,1,0,0,1
0,0,0,1,1,1,1,0,1,0,0,1,1,0,1,0,0,0,1,1,1,1,0,1,0,0,1,1,0,1
0,0,0,1,1,1,1,0,1,0,0,1,1,0,0,0,0,0,1,1,1,1,0,1,0,0,1,1,0,0
0,1,0,1,1,1,1,0,1,0,0,1,0,0,1,0,1,0,1,1,1,1,0,1,0,0,1,0,0,1
0,1,0,1,1,1,1,0,1,0,1,1,0,0,1,0,1,0,1,1,1,1,0,1,0,1,1,0,0,1
0,1,0,1,1,1,0,0,1,0,0,1,0,0,1,0,1,0,1,1,1,0,0,1,0,0,1,0,0,1
0,1,0,1,0,1,1,0,0,0,0,1,1,0,1,0,1,0,1,0,1,1,0,0,0,0,1,1,0,1
0,1,1,1,1,1,1,0,1,1,1,1,1,0,1,0,1,1,1,1,1,1,0,1,1,1,1,1,0,1
0,1,0,1,1,1,1,0,1,0,0,1,0,0,0,0,1,0,1,1,1,1,0,1,0,0,1,0,0,0
0,0,0,1,1,1,1,0,0,1,0,1,0,0,1,0,0,0,1,1,1,1,0,0,1,0,1,0,0,1
0,0,0,1,1,1,1,0,1,1,0,1,0,1,1,0,0,0,1,1,1,1,0,1,1,0,1,0,1,1
0,0,0,1,1,1,1,0,1,1,0,1,0,0,1,0,0,0,1,1,1,1,0,1,1,0,1,0,0,1
0,1,0,1,1,1,1,0,1,1,1,1,1,1,1,0,1,0,1,1,1,1,0,1,1,1,1,1,1,1
0,1,1,1,1,1,1,0,1,1,0,1,1,0,1,0,1,1,1,1,1,1,0,1,1,0,1,1,0,1
0,0,0,1,1,1,1,0,1,1,0,1,1,0,1,0,0,0,1,1,1,1,0,1,1,0,1,1,0,1
0,0,0,1,1,1,1,0,1,0,0,1,1,0,0,0,0,0,1,1,1,1,0,1,0,0,1,1,0,0
0,1,0,1,1,1,1,0,1,1,1,1,1,0,1,0,1,0,1,1,1,1,0,1,1,1,1,1,0,1
0,0,0,1,1,1,1,0,1,1,0,1,1,0,1,0,0,0,1,1,1,1,0,1,1,0,1,1,0,1
0,0,0,1,0,1,1,0,1,0,0,1,0,0,0,0,0,0,1,0,1,1,0,1,0,0,1,0,0,0
0,1,0,1,1,1,1,0,1,1,0,1,1,0,1,0,1,0,1,1,1,1,0,1,1,0,1,1,0,1
0,1,1,1,1,1,1,0,1,1,0,0,0,0,0,0,1,1,1,1,1,1,0,1,1,0,0,0,0,0
0,1,0,1,1,1,1,1,1,1,1,1,1,1,1,0,1,0,1,1,1,1,1,1,1,1,1,1,1,1
0,1,1,1,1,1,1,0,1,1,0,1,1,0,1,0,1,1,1,1,1,1,0,1,1,0,1,1,0,1
0,0,0,1,1,1,1,0,1,1,1,1,1,0,1,0,0,0,1,1,1,1,0,1,1,1,1,1,0,1
0,1,1,1,1,1,1,0,0,0,1,1,0,0,1,0,1,1,1,1,1,1,0,0,0,1,1,0,0,1
0,1,1,1,1,1,1,0,0,0,0,0,0,0,0,0,1,1,1,1,1,1,0,0,0,0,0,0,0,0
0,0,0,1,1,1,1,0,1,1,0,1,1,0,1,0,0,0,1,1,1,1,0,1,1,0,1,1,0,1
0,1,1,1,1,1,1,0,1,1,0,1,0,0,1,0,1,1,1,1,1,1,0,1,1,0,1,0,0,1
0,0,0,1,1,1,1,0,0,0,0,1,0,0,1,0,0,0,1,1,1,1,0,0,0,0,1,0,0,1
0,1,0,1,1,1,1,1,1,1,1,1,1,1,1,0,1,0,1,1,1,1,1,1,1,1,1,1,1,1
0,1,0,1,1,1,1,0,0,1,0,1,0,0,1,0,1,0,1,1,1,1,0,0,1,0,1,0,0,1
0,1,0,1,1,1,1,0,1,1,0,1,1,1,1,0,1,0,1,1,1,1,0,1,1,0,1,1,1,1
0,0,0,1,1,1,1,0,0,0,0,1,1,0,1,0,0,0,1,1,1,1,0,0,0,0,1,1,0,1
0,0,0,1,1,1,1,0,1,0,1,1,0,0,1,0,0,0,1,1,1,1,0,1,0,1,1,0,0,1
0,0,0,1,1,1,1,0,0,1,0,1,0,0,1,0,0,0,1,1,1,1,0,0,1,0,1,0,0,1
0,1,0,1,0,1,1,0,0,1,0,1,0,0,1,0,1,0,1,0,1,1,0,0,1,0,1,0,0,1
0,0,0,1,1,1,1,0,1,1,0,0,1,0,1,0,0,0,1,1,1,1,0,1,1,0,0,1,0,1
0,1,0,1,0,1,1,0,1,1,1,1,0,0,1,0,1,0,1,0,1,1,0,1,1,1,1,0,0,1
0,0,0,1,1,1,1,0,1,1,0,1,0,1,1,0,0,0,1,1,1,1,0,1,1,0,1,0,1,1
0,1,0,1,1,1,1,0,0,0,0,1,1,0,1,0,1,0,1,1,1,1,0,0,0,0,1,1,0,1
0,0,0,1,1,1,1,0,0,0,1,1,0,0,1,0,0,0,1,1,1,1,0,0,0,1,1,0,0,1
0,1,0,1,1,1,1,0,1,1,0,1,0,1,1,0,1,0,1,1,1,1,0,1,1,0,1,0,1,1
0,1,1,1,1,1,1,0,0,1,0,1,0,0,1,0,1,1,1,1,1,1,0,0,1,0,1,0,0,1
0,0,0,1,1,1,1,0,1,1,0,1,1,0,1,0,0,0,1,1,1,1,0,1,1,0,1,1,0,1
0,1,0,1,0,0,1,0,0,0,0,1,0,0,1,0,1,0,1,0,0,1,0,0,0,0,1,0,0,1
0,0,0,1,1,1,1,0,1,1,0,1,1,0,1,0,0,0,1,1,1,1,0,1,1,0,1,1,0,1
0,0,0,1,1,1,1,0,1,1,1,0,0,0,1,0,0,0,1,1,1,1,0,1,1,1,0,0,0,1
0,1,0,1,1,1,1,0,0,1,0,1,0,0,1,0,1,0,1,1,1,1,0,0,1,0,1,0,0,1
0,0,0,1,1,1,1,0,0,0,0,1,0,0,1,0,0,0,1,1,1,1,0,0,0,0,1,0,0,1
0,1,0,1,1,1,1,0,1,0,0,1,0,0,1,0,1,0,1,1,1,1,0,1,0,0,1,0,0,1
0,0,0,1,1,1,1,0,0,0,0,0,0,0,1,0,0,0,1,1,1,1,0,0,0,0,0,0,0,1
0,0,0,1,1,1,1,0,0,1,0,0,0,0,1,0,0,0,1,1,1,1,0,0,1,0,0,0,0,1
0,1,0,1,0,1,1,0,0,0,0,1,0,0,1,0,1,0,1,0,1,1,0,0,0,0,1,0,0,1
0,1,1,1,0,1,1,0,1,1,0,1,1,0,1,0,1,1,1,0,1,1,0,1,1,0,1,1,0,1
0,1,1,1,1,1,1,0,0,1,1,1,0,0,1,0,1,1,1,1,1,1,0,0,1,1,1,0,0,1
0,1,0,1,1,1,1,0,1,0,0,1,0,0,1,0,1,0,1,1,1,1,0,1,0,0,1,0,0,1
0,1,0,1,1,1,1,0,0,0,0,1,0,0,0,0,1,0,1,1,1,1,0,0,0,0,1,0,0,0
0,0,0,1,1,0,1,0,1,0,0,1,0,1,1,0,0,0,1,1,0,1,0,1,0,0,1,0,1,1
0,1,0,1,1,1,1,0,1,0,0,1,0,0,1,0,1,0,1,1,1,1,0,1,0,0,1,0,0,1
0,1,1,1,1,1,1,0,1,0,1,1,1,1,1,0,1,1,1,1,1,1,0,1,0,1,1,1,1,1
0,1,0,1,1,1,1,0,1,1,0,1,1,0,1,0,1,0,1,1,1,1,0,1,1,0,1,1,0,1
0,1,0,1,1,1,1,0,1,1,1,1,1,0,1,0,1,0,1,1,1,1,0,1,1,1,1,1,0,1
0,1,0,1,1,1,1,0,0,0,0,1,0,0,0,0,1,0,1,1,1,1,0,0,0,0,1,0,0,0
0,1,0,1,1,1,1,0,0,0,0,1,0,0,1,0,1,0,1,1,1,1,0,0,0,0,1,0,0,1
0,1,0,1,1,1,1,0,1,1,1,1,1,0,1,0,1,0,1,1,1,1,0,1,1,1,1,1,0,1
0,1,0,1,1,1,1,0,1,1,1,1,1,0,1,0,1,0,1,1,1,1,0,1,1,1,1,1,0,1
0,1,0,1,1,1,1,0,0,0,0,0,0,0,1,0,1,0,1,1,1,1,0,0,0,0,0,0,0,1
0,1,0,1,1,1,1,0,1,1,1,1,1,0,1,0,1,0,1,1,1,1,0,1,1,1,1,1,0,1
0,1,0,1,1,1,1,0,1,1,1,1,1,1,1,0,1,0,1,1,1,1,0,1,1,1,1,1,1,1
0,0,0,1,0,1,1,0,1,0,0,1,1,0,1,0,0,0,1,0,1,1,0,1,0,0,1,1,0,1
0,0,0,1,0,0,1,0,0,1,0,1,1,0,1,0,0,0,1,0,0,1,0,0,1,0,1,1,0,1
0,1,0,1,0,1,0,0,0,0,0,1,0,0,1,0,1,0,1,0,1,0,0,0,0,0,1,0,0,1
0,0,0,1,1,1,1,0,1,1,0,1,1,0,1,0,0,0,1,1,1,1,0,1,1,0,1,1,0,1
0,0,0,1,1,1,1,0,0,1,0,1,1,0,1,0,0,0,1,1,1,1,0,0,1,0,1,1,0,1
0,1,0,1,1,1,1,0,1,0,1,1,1,0,1,0,1,0,1,1,1,1,0,1,0,1,1,1,0,1
0,1,1,1,1,1,1,1,1,0,0,1,0,0,1,0,1,1,1,1,1,1,1,1,0,0,1,0,0,1
0,0,0,1,1,1,1,0,1,1,1,1,1,1,1,0,0,0,1,1,1,1,0,1,1,1,1,1,1,1
0,0,0,1,1,1,1,0,1,1,1,1,0,0,1,0,0,0,1,1,1,1,0,1,1,1,1,0,0,1
0,1,1,1,1,1,1,0,0,1,0,1,0,0,1,0,1,1,1,1,1,1,0,0,1,0,1,0,0,1
0,1,0,1,1,1,1,0,1,1,0,1,1,0,1,0,1,0,1,1,1,1,0,1,1,0,1,1,0,1
0,0,0,1,1,1,1,0,1,0,0,1,0,0,1,0,0,0,1,1,1,1,0,1,0,0,1,0,0,1
0,0,0,1,1,1,1,0,1,1,0,1,1,0,1,0,0,0,1,1,1,1,0,1,1,0,1,1,0,1
0,0,0,1,1,1,1,0,1,1,0,1,1,1,1,0,0,0,1,1,1,1,0,1,1,0,1,1,1,1
0,1,0,1,1,1,1,0,1,1,0,1,1,1,1,0,1,0,1,1,1,1,0,1,1,0,1,1,1,1
0,1,0,1,1,1,1,0,1,0,0,1,1,1,1,0,1,0,1,1,1,1,0,1,0,0,1,1,1,1
0,1,1,1,1,1,1,1,1,1,0,1,0,1,1,0,1,1,1,1,1,1,1,1,1,0,1,0,1,1
0,1,0,1,1,1,1,0,0,0,0,1,0,0,1,0,1,0,1,1,1,1,0,0,0,0,1,0,0,1
0,1,0,1,1,1,1,0,0,1,0,1,0,0,1,0,1,0,1,1,1,1,0,0,1,0,1,0,0,1
0,0,0,1,0,0,1,0,1,1,0,1,0,0,1,0,0,0,1,0,0,1,0,1,1,0,1,0,0,1
0,1,0,1,1,1,1,0,1,1,0,1,1,0,1,0,1,0,1,1,1,1,0,1,1,0,1,1,0,1
0,1,0,1,1,1,1,0,1,0,0,1,0,0,1,0,1,0,1,1,1,1,0,1,0,0,1,0,0,1
0,1,0,1,0,1,1,0,1,0,0,1,0,0,1,0,1,0,1,0,1,1,0,1,0,0,1,0,0,1
0,1,0,1,1,1,1,0,1,1,0,1,0,0,1,0,1,0,1,1,1,1,0,1,1,0,1,0,0,1
0,1,0,1,1,1,1,0,1,1,0,1,0,0,0,0,1,0,1,1,1,1,0,1,1,0,1,0,0,0
0,1,1,1,1,0,1,0,0,0,0,1,0,0,1,0,1,1,1,1,0,1,0,0,0,0,1,0,0,1
0,1,1,1,0,0,1,0,1,0,0,1,0,0,1,0,1,1,1,0,0,1,0,1,0,0,1,0,0,1
0,1,1,1,1,0,1,0,1,1,0,1,0,0,1,0,1,1,1,1,0,1,0,1,1,0,1,0,0,1
0,1,1,1,0,0,1,0,1,0,0,1,0,0,1,0,1,1,1,0,0,1,0,1,0,0,1,0,0,1
0,1,0,1,0,1,1,0,0,1,0,0,0,0,0,0,1,0,1,0,1,1,0,0,1,0,0,0,0,0
0,1,0,1,1,1,1,0,1,0,0,1,1,0,1,0,1,0,1,1,1,1,0,1,0,0,1,1,0,1
0,1,0,1,1,1,1,0,0,0,0,1,0,0,1,0,1,0,1,1,1,1,0,0,0,0,1,0,0,1
0,1,0,1,1,1,1,0,1,0,0,1,1,0,1,0,1,0,1,1,1,1,0,1,0,0,1,1,0,1
0,0,0,1,1,1,1,0,0,1,0,1,0,0,0,0,0,0,1,1,1,1,0,0,1,0,1,0,0,0
0,1,1,1,1,0,1,0,1,1,0,1,0,0,1,0,1,1,1,1,0,1,0,1,1,0,1,0,0,1
0,1,1,1,1,0,1,0,0,0,0,1,0,0,1,0,1,1,1,1,0,1,0,0,0,0,1,0,0,1
0,1,1,1,1,0,1,0,0,0,0,1,0,0,1,0,1,1,1,1,0,1,0,0,0,0,1,0,0,1
0,1,1,1,1,0,1,0,1,0,0,1,0,0,1,0,1,1,1,1,0,1,0,1,0,0,1,0,0,1
0,1,0,1,0,1,1,0,0,1,0,1,0,0,1,0,1,0,1,0,1,1,0,0,1,0,1,0,0,1
0,1,1,1,1,0,1,0,1,1,0,1,0,0,1,0,1,1,1,1,0,1,0,1,1,0,1,0,0,1
0,1,0,1,1,1,1,0,1,1,0,1,0,0,1,0,1,0,1,1,1,1,0,1,1,0,1,0,0,1
0,1,0,1,1,1,1,0,1,0,0,1,0,0,1,0,1,0,1,1,1,1,0,1,0,0,1,0,0,1
0,0,0,1,1,1,1,0,1,1,0,1,0,0,1,0,0,0,1,1,1,1,0,1,1,0,1,0,0,1
0,0,0,1,1,1,1,0,1,1,0,1,0,1,1,0,0,0,1,1,1,1,0,1,1,0,1,0,1,1
0,1,1,1,1,1,1,0,1,1,0,1,1,0,0,0,1,1,1,1,1,1,0,1,1,0,1,1,0,0
0,1,1,1,1,1,1,0,1,0,1,1,0,0,1,0,1,1,1,1,1,1,0,1,0,1,1,0,0,1
0,1,0,1,1,1,1,0,0,1,0,0,0,0,1,0,1,0,1,1,1,1,0,0,1,0,0,0,0,1
0,0,0,1,1,1,1,0,0,1,0,1,0,0,1,0,0,0,1,1,1,1,0,0,1,0,1,0,0,1
0,1,1,1,1,1,1,0,1,1,1,1,1,0,1,0,1,1,1,1,1,1,0,1,1,1,1,1,0,1
0,0,0,1,1,1,1,0,0,0,0,1,1,0,1,0,0,0,1,1,1,1,0,0,0,0,1,1,0,1
0,1,1,1,1,0,1,0,1,1,0,1,0,0,1,0,1,1,1,1,0,1,0,1,1,0,1,0,0,1
0,1,1,1,1,0,1,0,1,1,0,1,0,1,1,0,1,1,1,1,0,1,0,1,1,0,1,0,1,1
0,1,0,1,1,1,1,0,0,1,0,1,0,0,1,0,1,0,1,1,1,1,0,0,1,0,1,0,0,1
0,1,0,1,1,1,1,0,1,0,1,1,0,0,1,0,1,0,1,1,1,1,0,1,0,1,1,0,0,1
0,1,0,1,1,1,1,0,1,1,1,1,0,1,1,0,1,0,1,1,1,1,0,1,1,1,1,0,1,1
0,0,0,1,1,1,1,0,1,0,1,1,1,1,0,0,0,0,1,1,1,1,0,1,0,1,1,1,1,0
0,0,0,1,1,1,1,0,1,1,1,1,1,0,1,0,0,0,1,1,1,1,0,1,1,1,1,1,0,1
0,1,0,1,0,0,1,0,0,0,0,1,0,0,0,0,1,0,1,0,0,1,0,0,0,0,1,0,0,0
0,1,0,1,1,1,1,1,1,1,1,1,1,1,1,0,1,0,1,1,1,1,1,1,1,1,1,1,1,1
0,0,0,0,0,0,0,0,0,0,0,0,0,0,0,0,0,0,0,0,0,0,0,0,0,0,0,0,0,0
0,0,0,1,1,1,1,0,0,0,0,1,0,0,1,0,0,0,1,1,1,1,0,0,0,0,1,0,0,1
0,1,1,1,1,1,1,0,1,1,1,1,1,0,0,0,1,1,1,1,1,1,0,1,1,1,1,1,0,0
0,0,0,1,1,1,1,0,0,0,0,1,0,1,1,0,0,0,1,1,1,1,0,0,0,0,1,0,1,1
0,1,0,1,1,1,1,0,0,0,0,1,0,0,1,0,1,0,1,1,1,1,0,0,0,0,1,0,0,1
0,0,0,1,0,1,1,0,0,0,0,0,0,0,1,0,0,0,1,0,1,1,0,0,0,0,0,0,0,1
0,1,0,1,1,1,1,0,0,1,1,1,1,1,1,0,1,0,1,1,1,1,0,0,1,1,1,1,1,1
0,1,0,1,1,1,1,0,0,1,0,1,0,1,1,0,1,0,1,1,1,1,0,0,1,0,1,0,1,1
0,0,0,1,1,1,1,0,1,1,0,0,0,0,1,0,0,0,1,1,1,1,0,1,1,0,0,0,0,1
0,0,0,1,0,1,1,0,1,1,0,0,0,0,1,0,0,0,1,0,1,1,0,1,1,0,0,0,0,1
0,0,0,1,1,1,1,0,0,1,0,0,0,0,1,0,0,0,1,1,1,1,0,0,1,0,0,0,0,1
0,0,0,1,1,1,1,0,1,1,0,0,1,0,1,0,0,0,1,1,1,1,0,1,1,0,0,1,0,1
0,0,0,1,0,1,1,0,0,1,0,1,0,0,1,0,0,0,1,0,1,1,0,0,1,0,1,0,0,1
0,0,0,1,0,1,1,0,0,0,0,1,0,0,1,0,0,0,1,0,1,1,0,0,0,0,1,0,0,1
0,0,0,1,0,0,1,0,0,0,0,1,0,0,1,0,0,0,1,0,0,1,0,0,0,0,1,0,0,1
0,0,0,1,1,1,1,0,0,0,0,1,0,0,1,0,0,0,1,1,1,1,0,0,0,0,1,0,0,1
0,1,0,1,1,1,1,0,1,1,0,1,1,0,1,0,1,0,1,1,1,1,0,1,1,0,1,1,0,1
0,0,0,1,1,1,1,0,0,0,0,0,1,0,0,0,0,0,1,1,1,1,0,0,0,0,0,1,0,0
0,1,0,1,1,1,1,0,1,1,0,1,0,0,1,0,1,0,1,1,1,1,0,1,1,0,1,0,0,1
0,1,0,1,1,1,1,0,0,1,0,1,0,0,1,0,1,0,1,1,1,1,0,0,1,0,1,0,0,1
0,1,0,1,1,1,1,0,0,1,0,1,1,1,0,0,1,0,1,1,1,1,0,0,1,0,1,1,1,0
0,0,0,1,1,1,1,0,1,0,0,1,0,0,1,0,0,0,1,1,1,1,0,1,0,0,1,0,0,1
0,0,0,1,0,0,1,0,0,0,0,1,0,0,1,0,0,0,1,0,0,1,0,0,0,0,1,0,0,1
0,0,0,1,1,1,1,0,0,0,0,1,1,0,1,0,0,0,1,1,1,1,0,0,0,0,1,1,0,1
0,0,0,1,1,1,1,0,1,1,0,0,1,0,1,0,0,0,1,1,1,1,0,1,1,0,0,1,0,1
0,0,0,1,1,1,1,0,0,1,0,1,1,0,1,0,0,0,1,1,1,1,0,0,1,0,1,1,0,1
0,1,0,1,0,1,1,0,1,0,0,1,0,0,0,0,1,0,1,0,1,1,0,1,0,0,1,0,0,0
0,1,0,1,0,1,1,0,1,0,0,1,0,0,1,0,1,0,1,0,1,1,0,1,0,0,1,0,0,1
0,1,0,1,1,1,1,1,1,1,0,1,0,0,1,0,1,0,1,1,1,1,1,1,1,0,1,0,0,1
0,1,0,1,1,0,1,0,0,0,0,1,0,0,0,0,1,0,1,1,0,1,0,0,0,0,1,0,0,0
0,1,0,1,1,1,1,0,0,0,1,1,1,0,0,0,1,0,1,1,1,1,0,0,0,1,1,1,0,0
0,1,0,1,1,0,1,0,0,1,0,1,1,0,1,0,1,0,1,1,0,1,0,0,1,0,1,1,0,1
0,1,1,1,1,1,1,0,0,1,1,1,0,0,1,0,1,1,1,1,1,1,0,0,1,1,1,0,0,1
0,0,0,1,1,1,1,0,1,1,1,1,1,0,1,0,0,0,1,1,1,1,0,1,1,1,1,1,0,1
0,1,0,1,1,1,1,0,1,1,1,1,0,0,1,0,1,0,1,1,1,1,0,1,1,1,1,0,0,1
0,1,1,1,0,1,1,0,1,1,0,1,1,0,1,0,1,1,1,0,1,1,0,1,1,0,1,1,0,1
0,1,0,1,1,1,1,0,1,1,0,1,1,1,1,0,1,0,1,1,1,1,0,1,1,0,1,1,1,1
0,0,0,1,1,1,1,1,1,1,1,1,1,1,1,0,0,0,1,1,1,1,1,1,1,1,1,1,1,1
0,0,0,1,1,1,1,0,1,1,1,1,1,1,1,0,0,0,1,1,1,1,0,1,1,1,1,1,1,1
0,1,0,1,1,1,1,0,1,0,0,1,0,0,1,0,1,0,1,1,1,1,0,1,0,0,1,0,0,1
0,1,0,1,1,1,1,0,1,1,0,1,0,0,1,0,1,0,1,1,1,1,0,1,1,0,1,0,0,1
0,1,0,1,1,1,1,0,0,1,0,1,1,0,1,0,1,0,1,1,1,1,0,0,1,0,1,1,0,1
0,1,0,1,0,1,1,0,0,0,0,1,0,0,1,0,1,0,1,0,1,1,0,0,0,0,1,0,0,1
0,1,0,1,0,1,1,0,0,1,0,1,0,0,1,0,1,0,1,0,1,1,0,0,1,0,1,0,0,1
0,1,0,1,0,1,1,0,1,1,0,1,0,0,1,0,1,0,1,0,1,1,0,1,1,0,1,0,0,1
0,1,0,1,1,1,1,0,1,0,0,1,0,0,1,0,1,0,1,1,1,1,0,1,0,0,1,0,0,1
0,1,0,1,1,1,1,0,1,1,0,1,0,0,1,0,1,0,1,1,1,1,0,1,1,0,1,0,0,1
0,1,0,1,1,1,1,0,0,0,0,1,0,0,1,0,1,0,1,1,1,1,0,0,0,0,1,0,0,1
0,1,0,1,0,1,1,0,0,1,0,1,0,0,1,0,1,0,1,0,1,1,0,0,1,0,1,0,0,1
0,0,0,1,1,1,1,0,1,0,0,1,0,0,1,0,0,0,1,1,1,1,0,1,0,0,1,0,0,1
0,1,0,1,1,1,1,0,1,0,0,1,0,0,1,0,1,0,1,1,1,1,0,1,0,0,1,0,0,1
0,0,0,1,1,1,1,0,1,1,0,1,1,1,1,0,0,0,1,1,1,1,0,1,1,0,1,1,1,1
0,1,0,1,0,1,1,0,1,1,0,1,1,0,1,0,1,0,1,0,1,1,0,1,1,0,1,1,0,1
0,0,0,1,1,1,1,0,1,1,1,1,1,0,1,0,0,0,1,1,1,1,0,1,1,1,1,1,0,1
0,0,0,1,1,1,1,0,1,1,0,1,1,0,1,0,0,0,1,1,1,1,0,1,1,0,1,1,0,1
0,1,0,1,1,1,1,0,0,0,0,1,0,0,1,0,1,0,1,1,1,1,0,0,0,0,1,0,0,1
0,1,0,1,1,0,1,0,0,0,0,0,0,0,1,0,1,0,1,1,0,1,0,0,0,0,0,0,0,1
0,0,0,1,1,1,1,0,1,0,0,1,0,0,1,0,0,0,1,1,1,1,0,1,0,0,1,0,0,1
0,1,1,1,1,1,1,0,1,0,0,1,1,0,1,0,1,1,1,1,1,1,0,1,0,0,1,1,0,1
0,1,0,1,0,1,1,0,0,1,0,1,0,1,1,0,1,0,1,0,1,1,0,0,1,0,1,0,1,1
0,1,1,1,1,1,1,0,0,0,0,1,0,0,1,0,1,1,1,1,1,1,0,0,0,0,1,0,0,1
0,0,0,1,1,1,1,0,1,1,1,1,1,1,1,0,0,0,1,1,1,1,0,1,1,1,1,1,1,1
0,0,0,1,1,1,1,0,1,1,1,1,1,0,1,0,0,0,1,1,1,1,0,1,1,1,1,1,0,1
0,1,0,1,1,1,1,1,0,0,0,1,1,0,1,0,1,0,1,1,1,1,1,0,0,0,1,1,0,1
0,1,0,1,1,1,1,0,1,1,0,1,1,1,1,0,1,0,1,1,1,1,0,1,1,0,1,1,1,1
0,1,0,1,1,1,1,0,0,1,0,1,1,1,1,0,1,0,1,1,1,1,0,0,1,0,1,1,1,1
0,0,0,1,1,1,1,0,1,1,0,1,1,1,1,0,0,0,1,1,1,1,0,1,1,0,1,1,1,1
0,1,0,1,1,1,1,0,1,0,0,1,1,1,1,0,1,0,1,1,1,1,0,1,0,0,1,1,1,1
0,1,0,1,0,1,1,0,1,0,0,1,0,0,1,0,1,0,1,0,1,1,0,1,0,0,1,0,0,1
0,0,0,1,1,1,1,0,0,0,0,1,0,0,1,0,0,0,1,1,1,1,0,0,0,0,1,0,0,1
0,1,0,1,1,1,1,0,1,1,0,1,1,0,1,0,1,0,1,1,1,1,0,1,1,0,1,1,0,1
0,0,0,1,1,1,1,0,1,0,0,1,0,1,1,0,0,0,1,1,1,1,0,1,0,0,1,0,1,1
0,1,0,1,1,1,1,0,1,1,1,1,1,1,1,0,1,0,1,1,1,1,0,1,1,1,1,1,1,1
0,1,0,1,1,1,1,0,0,1,1,1,1,0,1,0,1,0,1,1,1,1,0,0,1,1,1,1,0,1
0,1,0,1,1,1,1,0,1,1,0,0,1,0,1,0,1,0,1,1,1,1,0,1,1,0,0,1,0,1
0,1,1,1,1,1,1,0,0,0,1,1,0,0,1,0,1,1,1,1,1,1,0,0,0,1,1,0,0,1
0,1,1,1,1,1,1,0,1,1,1,1,0,0,1,0,1,1,1,1,1,1,0,1,1,1,1,0,0,1
0,1,1,1,1,1,1,0,1,0,0,1,0,0,1,0,1,1,1,1,1,1,0,1,0,0,1,0,0,1
0,1,0,1,1,1,1,0,1,1,0,1,1,0,1,0,1,0,1,1,1,1,0,1,1,0,1,1,0,1
0,1,0,1,1,1,1,0,0,0,1,1,0,0,1,0,1,0,1,1,1,1,0,0,0,1,1,0,0,1
0,1,0,1,1,1,1,0,1,0,0,1,0,0,1,0,1,0,1,1,1,1,0,1,0,0,1,0,0,1
0,1,0,1,1,1,1,0,1,1,0,1,0,0,1,0,1,0,1,1,1,1,0,1,1,0,1,0,0,1
0,1,0,1,1,1,1,0,0,1,0,1,0,0,0,0,1,0,1,1,1,1,0,0,1,0,1,0,0,0
0,1,0,1,1,0,1,0,0,0,0,1,0,0,1,0,1,0,1,1,0,1,0,0,0,0,1,0,0,1
0,0,0,1,1,1,1,0,1,1,1,1,0,0,0,0,0,0,1,1,1,1,0,1,1,1,1,0,0,0
